HeadWord,CollocateWord,R1,C1,O_11,MutualInfo,DeltaP1,DeltaP2
"('data', 'NN')","('process', 'VB')",404,620,3,2.5702062634022678,0.007347407115159581,0.004787796580869587
"('data', 'NN')","('analyze', 'VB')",1638,620,3,2.229764045306543,0.0017531540975925766,0.004631121366050601
"('data', 'NN')","('use', 'VB')",18363,620,4,2.161868470203595,0.00013944210213675097,0.0041206564454772015
"('data', 'NN')","('send', 'VB')",758,620,2,1.8113317574967125,0.002560056479884327,0.0031298206636038643
