HeadWord,CollocateWord,R1,C1,O_11,MutualInfo,DeltaP1,DeltaP2
"('illustration', 'NN')","('provide', 'VB')",6534,160,12,6.024172456248813,0.0018177423023833625,0.07417198049012357
"('illustration', 'NN')","('create', 'VB')",4042,160,2,1.733684735341967,0.0004747353107785595,0.01198709003068065
"('illustration', 'NN')","('appreciate', 'VB')",263,160,1,1.5824730566126142,0.00378209479664979,0.006216737026742161
"('illustration', 'NN')","('see', 'VB')",9360,160,2,1.5294641931890278,0.00019359240641398236,0.011311927848294436
"('illustration', 'NN')","('get', 'VB')",2412,160,1,1.0435169858247346,0.00039440161687510276,0.005943904471279962
"('illustration', 'NN')","('require', 'VB')",4048,160,1,0.9175935936211026,0.00022683929579182205,0.005736201325288265
"('illustration', 'NN')","('include', 'VB')",4891,160,1,0.8715855845869602,0.00018425872607679919,0.005629175804462469
