HeadWord,CollocateWord,R1,C1,O_11,MutualInfo,DeltaP1,DeltaP2
"('journal', 'NN')","('find', 'VB')",7310,707,3,1.8340505711605637,0.00032093713908563817,0.003315535571045647
"('journal', 'NN')","('use', 'VB')",18363,707,3,1.6100358670944095,7.378659394510129e-05,0.0019121722985340332
"('journal', 'NN')","('describe', 'VB')",2640,707,2,1.4759127879963156,0.0006680422386392278,0.0024939160788733945
"('journal', 'NN')","('market', 'VB')",133,707,1,1.3869236753863645,0.007429165013009719,0.0013976675485718902
"('journal', 'NN')","('guarantee', 'VB')",301,707,1,1.1882833567953803,0.0032326252449527545,0.0013763371378434045
"('journal', 'NN')","('search', 'VB')",333,707,1,1.1637118235643935,0.002913368747583717,0.0013722742024665502
"('journal', 'NN')","('evaluate', 'VB')",752,707,1,0.9655986035966129,0.0012401482101378823,0.001319075142375863
"('journal', 'NN')","('keep', 'VB')",1737,707,1,0.7619926959975573,0.0004860550030905701,0.0011940129128070634
"('journal', 'NN')","('consider', 'VB')",4706,707,1,0.5195955175375312,0.00012281063970646697,0.0008170486898732914
