HeadWord,CollocateWord,R1,C1,O_11,MutualInfo,DeltaP1,DeltaP2
"('precedence', 'NN')","('take', 'VB')",8391,38,19,8.818247017738468,0.0022619161069375865,0.4989371248134382
"('precedence', 'NN')","('gain', 'VB')",1532,38,2,2.319262136098183,0.0013009117475911544,0.05243733634877316
"('precedence', 'NN')","('decide', 'VB')",1358,38,1,1.5328527807798722,0.0007316788676795298,0.026143510253884363
