HeadWord,CollocateWord,R1,C1,O_11,MutualInfo,DeltaP1,DeltaP2
"('minor', 'JJ')","('comparatively', 'RB')",103,177,2,3.538628542450315,0.01939525825412471,0.011286612251340403
"('minor', 'JJ')","('relatively', 'RB')",1175,177,4,3.3845178875396758,0.0033822887695059943,0.022450202019274557
"('minor', 'JJ')","('very', 'RB')",5556,177,4,2.709793517081853,0.0006979636287365159,0.021893998201108645
"('minor', 'JJ')","('only', 'RB')",8848,177,4,2.5077106401868074,0.00043009159405976044,0.021476051848814147
"('minor', 'JJ')","('seemingly', 'RB')",232,177,1,2.282887795272644,0.0042880000306102705,0.005620390172878842
"('minor', 'JJ')","('obviously', 'RB')",425,177,1,2.019986850113232,0.002330595831964413,0.0055958872427473594
"('minor', 'JJ')","('quite', 'RB')",1028,177,1,1.6363826655042868,0.0009504155905579474,0.005519331455859881
"('minor', 'JJ')","('even', 'RB')",4723,177,1,0.9741578345868437,0.0001893722880847168,0.005050220954119855
"('minor', 'JJ')","('as', 'RB')",6170,177,1,0.858090616130302,0.0001397128992478993,0.004866512457227347
