HeadWord,CollocateWord,R1,C1,O_11,MutualInfo,DeltaP1,DeltaP2
"('recent', 'JJ')","('fairly', 'RB')",538,1120,6,3.45080249933971,0.011010978453957048,0.005289593014374004
"('recent', 'JJ')","('relatively', 'RB')",1175,1120,6,3.1115469083983442,0.004964933635935905,0.00520871096579551
"('recent', 'JJ')","('very', 'RB')",5556,1120,6,2.4368225379405217,0.0009383855356951315,0.00465244055006178
"('recent', 'JJ')","('comparatively', 'RB')",103,1120,1,1.8342937991499966,0.009566672987276101,0.0008799058572134906
"('recent', 'JJ')","('too', 'RB')",2052,1120,1,0.5349536674153901,0.0003452293967791146,0.0006324347227088024
"('recent', 'JJ')","('as', 'RB')",6170,1120,1,0.05684585982192711,1.9900167944529915e-05,0.00010955830819350928
"('recent', 'JJ')","('only', 'RB')",8848,1120,1,-0.09971409010545423,-2.9202886563691678e-05,-0.00023047642664669342
