HeadWord,CollocateWord,R1,C1,O_11,MutualInfo,DeltaP1,DeltaP2
"('variable', 'JJ')","('highly', 'RB')",1242,378,8,3.934005611823394,0.006394242950953523,0.02100735076299572
"('variable', 'JJ')","('infinitely', 'RB')",62,378,1,2.526465557189871,0.016081169720288658,0.0026377579984503343
"('variable', 'JJ')","('linearly', 'RB')",82,378,1,2.405043394304408,0.0121472592919143,0.002635218769908593
"('variable', 'JJ')","('very', 'RB')",5556,378,4,2.380274983606434,0.0006724275943429078,0.00987712073882318
"('variable', 'JJ')","('extremely', 'RB')",709,378,2,2.371300998497002,0.0027731349682853404,0.005201243562054734
"('variable', 'JJ')","('culturally', 'RB')",116,378,1,2.2543992574612064,0.008572826789265882,0.0026309020813876324
"('variable', 'JJ')","('essentially', 'RB')",494,378,1,1.625130297764478,0.001976426335028474,0.0025829106619487206
"('variable', 'JJ')","('quite', 'RB')",1028,378,1,1.306864132028868,0.0009248942375656386,0.0025151132598842264
