HeadWord,CollocateWord,R1,C1,O_11,MutualInfo,DeltaP1,DeltaP2
"('appropriate', 'JJ')","('be', 'VB')",285574,1341,269,83.80605417503119,0.0008007465818102369,0.16436941049689363
"('appropriate', 'JJ')","('seem', 'VB')",4073,1341,27,9.260606988738175,0.00646211476373269,0.019620479441023256
"('appropriate', 'JJ')","('deem', 'VB')",324,1341,7,3.347945047149582,0.021435572889025804,0.005179733392043083
"('appropriate', 'JJ')","('make', 'VB')",11834,1341,5,1.7710648765185153,0.0002526438739692792,0.002226550412951607
"('appropriate', 'JJ')","('act', 'VB')",1419,1341,1,0.6554852090011154,0.0005345708343629318,0.0005656588374860764
"('appropriate', 'JJ')","('learn', 'VB')",1596,1341,1,0.6268969337290629,0.00045641179119930273,0.0005431839170212645
"('appropriate', 'JJ')","('find', 'VB')",7310,1341,1,0.25680161936089896,-3.347926793164323e-05,-0.00018236238544164392
