HeadWord,CollocateWord,R1,C1,O_11,MutualInfo,DeltaP1,DeltaP2
"('explicit', 'JJ')","('make', 'VB')",11834,228,19,6.86666029190057,0.0015789697609187234,0.08183331263901482
"('explicit', 'JJ')","('be', 'VB')",285574,228,19,6.092411516040065,3.900083204366469e-05,0.04707955344623036
