HeadWord,CollocateWord,R1,C1,O_11,MutualInfo,DeltaP1,DeltaP2
"('obvious', 'JJ')","('be', 'VB')",285574,635,208,65.01531519524238,0.0006721083711681433,0.29132739831010845
"('obvious', 'JJ')","('become', 'VB')",5566,635,19,6.80100000330538,0.00333532267804592,0.02921698182651923
"('obvious', 'JJ')","('seem', 'VB')",4073,635,12,4.595191608029201,0.0028670971864989177,0.018382030616083622
"('obvious', 'JJ')","('make', 'VB')",11834,635,8,2.9971788962392223,0.000596297486237664,0.011096930367713673
