HeadWord,CollocateWord,R1,C1,O_11,MutualInfo,DeltaP1,DeltaP2
"('unclear', 'JJ')","('be', 'VB')",285574,175,121,38.22701151393962,0.0004165945520508804,0.6551879852170649
"('unclear', 'JJ')","('remain', 'VB')",2472,175,27,9.877310725525508,0.0109035348090153,0.1539753015968053
