HeadWord,CollocateWord,R1,C1,O_11,MutualInfo,DeltaP1,DeltaP2
"('visible', 'JJ')","('be', 'VB')",285574,359,150,47.094511227694056,0.0004977260661336028,0.3815895471003749
"('visible', 'JJ')","('become', 'VB')",5566,359,15,5.642209486802626,0.002651230007602173,0.041077968623325835
"('visible', 'JJ')","('make', 'VB')",11834,359,14,5.131980598463195,0.0011391664484684465,0.03749653403655261
"('visible', 'JJ')","('convert', 'VB')",452,359,1,1.2542250513559634,0.0021669367625998396,0.0027282558548431196
"('visible', 'JJ')","('reveal', 'VB')",933,359,1,1.0779688543522974,0.0010263559673529305,0.00266718755572729
