HeadWord,CollocateWord,R1,C1,O_11,MutualInfo,DeltaP1,DeltaP2
"('ally', 'VB')","('willingly', 'RB')",36,38,1,3.7602629491412527,0.027773080408939107,0.02631134601554641
"('ally', 'VB')","('closely', 'RB')",504,38,2,3.5172249004549583,0.003963683283760955,0.052567847062077684
"('ally', 'VB')","('traditionally', 'RB')",249,38,1,2.9203661028128036,0.004011366761161591,0.026284304398879226
"('ally', 'VB')","('long', 'RB')",756,38,1,2.4380436544073336,0.0013180535244950945,0.026219937733854524
"('ally', 'VB')","('together', 'RB')",1357,38,1,2.183985602248803,0.0007322215189946126,0.026143637209831157
"('ally', 'VB')","('often', 'RB')",3439,38,1,1.7801332740865268,0.0002860828050044402,0.025879314928605453
"('ally', 'VB')","('still', 'RB')",3477,38,1,1.7753607592252818,0.0002829048347369938,0.02587449060262727
