HeadWord,CollocateWord,R1,C1,O_11,MutualInfo,DeltaP1,DeltaP2
"('draft', 'NN')","('shallow', 'JJ')",81,71,3,3.4880628881285034,0.03702840398552628,0.042243618521423186
"('draft', 'NN')","('final', 'JJ')",1261,71,3,2.820414050219621,0.002370429889722418,0.04209380987657568
"('draft', 'NN')","('first', 'JJ')",4447,71,3,2.5138969062091436,0.0006659742586416377,0.041689326535487424
"('draft', 'NN')","('early', 'JJ')",2063,71,2,2.0948616158220377,0.0009606997356492479,0.02790735678193865
"('draft', 'NN')","('official', 'JJ')",269,71,1,1.7745895139701657,0.003708584942050837,0.014050482705966122
