HeadWord,CollocateWord,R1,C1,O_11,MutualInfo,DeltaP1,DeltaP2
"('emission', 'NN')","('reduce', 'VB')",3486,172,12,4.950697699219213,0.003422018944482467,0.06932638939807455
"('emission', 'NN')","('sequester', 'VB')",3,172,1,2.652871633142958,0.33331162396289615,0.005813699572158857
"('emission', 'NN')","('tackle', 'VB')",209,172,1,1.6207776155637785,0.004762979057002303,0.005787546202195571
"('emission', 'NN')","('control', 'VB')",1545,172,2,1.6128363824517202,0.0012729117409094636,0.011432010618232775
"('emission', 'NN')","('absorb', 'VB')",336,172,1,1.5053095404476562,0.002954480187926093,0.005771422522655098
"('emission', 'NN')","('cut', 'VB')",495,172,1,1.4110806243831704,0.001998491293668427,0.005751236183702853
"('emission', 'NN')","('create', 'VB')",4042,172,2,1.3789424002173987,0.0004732110645945099,0.011114996226007891
"('emission', 'NN')","('receive', 'VB')",1521,172,1,1.1380671759162897,0.0006357486408878086,0.005620977166312893
"('emission', 'NN')","('improve', 'VB')",2025,172,1,1.0684615203575838,0.0004721122157482025,0.005556990280577475
