HeadWord,CollocateWord,R1,C1,O_11,MutualInfo,DeltaP1,DeltaP2
"('survey', 'NN')","('conduct', 'VB')",850,537,30,10.819883170305452,0.03522974434590452,0.05576181131583386
"('survey', 'NN')","('carry', 'VB')",2167,537,24,8.678007171081845,0.011010073188077793,0.04442065359939993
"('survey', 'NN')","('outsource', 'VB')",53,537,1,1.6775753790860033,0.01879987601123269,0.0018555952654388534
"('survey', 'NN')","('report', 'VB')",876,537,2,1.4739443641801493,0.002215176364428402,0.0036134282585066836
"('survey', 'NN')","('trace', 'VB')",144,537,1,1.4344868704891052,0.006876395141200752,0.00184404154234046
"('survey', 'NN')","('assess', 'VB')",891,537,1,0.9912383518017953,0.0010542786981951463,0.001749199441741558
"('survey', 'NN')","('keep', 'VB')",1737,537,1,0.82888196773207,0.0005076421703577199,0.0016417879061235245
"('survey', 'NN')","('compare', 'VB')",2860,537,1,0.707604887510181,0.00028157757375685,0.0014992073452499413
"('survey', 'NN')","('provide', 'VB')",6534,537,1,0.5066695531843707,8.494105388680971e-05,0.0010327416456510584
