HeadWord,CollocateWord,R1,C1,O_11,MutualInfo,DeltaP1,DeltaP2
"('transferable', 'JJ')","('skill', 'NN')",1339,18,6,2.562021917013846,0.004479432214232229,0.3331641014859563
"('transferable', 'JJ')","('meaning', 'NN')",1546,18,1,0.0,0.0006446718660301714,0.05535940911579752
"('transferable', 'JJ')","('argument', 'NN')",2195,18,1,0.0,0.0004534220233221852,0.0552770149155367
"('transferable', 'JJ')","('infection', 'NN')",636,18,1,0.0,0.0015701686290635326,0.05547493873403688
