HeadWord,CollocateWord,R1,C1,O_11,MutualInfo,DeltaP1,DeltaP2
"('unintended', 'JJ')","('consequence', 'NN')",986,14,5,2.4151609116284014,0.005069851173752425,0.3570183137385286
"('unintended', 'JJ')","('error', 'NN')",2206,14,3,1.3758921000017679,0.0013585305706367515,0.21400603118710484
"('unintended', 'JJ')","('accelerator', 'NN')",45,14,1,0.0,0.022220571793447174,0.07142298538393284
"('unintended', 'JJ')","('capture', 'NN')",35,14,1,0.0,0.02856977814474884,0.07142425493953251
"('unintended', 'JJ')","('result', 'NN')",6612,14,1,0.0,0.00014958836346957804,0.0705892682216232
