HeadWord,CollocateWord,R1,C1,O_11,MutualInfo,DeltaP1,DeltaP2
"('unskilled', 'JJ')","('worker', 'NN')",1467,38,8,2.7573372172831996,0.005449496697303173,0.2103410870631008
"('unskilled', 'JJ')","('job', 'NN')",1195,38,5,2.053690984436802,0.004179910256681227,0.13142786979173585
"('unskilled', 'JJ')","('labor', 'NN')",2172,38,3,1.172204325385378,0.0013767708073098121,0.07867200097245582
"('unskilled', 'JJ')","('reader', 'NN')",1316,38,2,0.7520751457985114,0.0015151856831525311,0.05246475883328073
"('unskilled', 'JJ')","('work', 'NN')",4080,38,2,0.6041477193836404,0.0004856233178075159,0.05211385259634132
"('unskilled', 'JJ')","('reading', 'NN')",928,38,1,0.0,0.0010728883060456221,0.026198101311005906
"('unskilled', 'JJ')","('act', 'NN')",1874,38,1,0.0,0.0005289194643605364,0.026078000985338513
"('unskilled', 'JJ')","('staff', 'NN')",1343,38,1,0.0,0.0007399034897146826,0.026145414593086277
"('unskilled', 'JJ')","('type', 'NN')",3188,38,1,0.0,0.0003089770367587998,0.02591118087125082
