HeadWord,CollocateWord,R1,C1,O_11,MutualInfo,DeltaP1,DeltaP2
"('exclusive', 'JJ')","('mutually', 'RB')",127,188,44,6.839787338213531,0.34643841105047923,0.23403201564723486
"('exclusive', 'JJ')","('almost', 'RB')",1179,188,3,0.9675058347211984,0.002521039009208228,0.0158081437718443
"('exclusive', 'JJ')","('thus', 'RB')",4463,188,1,0.0,0.00020031042395071835,0.004752660713716814
"('exclusive', 'JJ')","('somewhat', 'RB')",326,188,1,0.0,0.00304374303245351,0.00527788746770375
"('exclusive', 'JJ')","('necessarily', 'RB')",668,188,1,0.0,0.001473263326982053,0.005234467707040581
"('exclusive', 'JJ')","('essentially', 'RB')",494,188,1,0.0,0.0020005493614475046,0.005256558462465702
"('exclusive', 'JJ')","('dangerously', 'RB')",23,188,1,0.0,0.043454520152725065,0.0053163558521509445
"('exclusive', 'JJ')","('once', 'RB')",1013,188,1,0.0,0.0009634231300999888,0.005190667071283875
"('exclusive', 'JJ')","('very', 'RB')",5556,188,1,0.0,0.00015622819601954606,0.004613895221304988
