HeadWord,CollocateWord,R1,C1,O_11,MutualInfo,DeltaP1,DeltaP2
"('proportional', 'JJ')","('inversely', 'RB')",42,268,22,5.621244145251609,0.5237782926307525,0.08208701304572598
"('proportional', 'JJ')","('directly', 'RB')",1141,268,32,4.389135621096471,0.028015608258217427,0.11926218681834154
"('proportional', 'JJ')","('roughly', 'RB')",206,268,5,1.9943830213488778,0.024238454534022662,0.018631197527456567
"('proportional', 'JJ')","('linearly', 'RB')",82,268,2,0.8595701996594979,0.024356473431947814,0.007452529794844227
"('proportional', 'JJ')","('conversely', 'RB')",197,268,1,0.0,0.005042244209922317,0.003706459191398208
"('proportional', 'JJ')","('qualitatively', 'RB')",20,268,1,0.0,0.04996610283966796,0.003728931050156101
