HeadWord,CollocateWord,R1,C1,O_11,MutualInfo,DeltaP1,DeltaP2
"('existing', 'JJ')","('method', 'NN')",4642,29,5,2.228424885533217,0.0010740732054840487,0.1718250990508071
"('existing', 'JJ')","('recognition', 'NN')",453,29,1,0.9983321877730333,0.0022039505649547085,0.03442537459830582
