HeadWord,CollocateWord,R1,C1,O_11,MutualInfo,DeltaP1,DeltaP2
"('lifelong', 'JJ')","('learning', 'NN')",1231,53,39,6.243671665406908,0.03167978205505923,0.7356977248270077
"('lifelong', 'JJ')","('insecurity', 'NN')",58,53,1,0.9996097393022992,0.017234777584348958,0.018860688025553855
"('lifelong', 'JJ')","('immunity', 'NN')",90,53,1,0.9993944230552918,0.011104509358294956,0.018856625427519876
"('lifelong', 'JJ')","('deprivation', 'NN')",103,53,1,0.9993069508299451,0.00970213610036571,0.01885497499706857
"('lifelong', 'JJ')","('lie', 'NN')",165,53,1,0.9988897756013684,0.0060540042449290085,0.01884710371337773
"('lifelong', 'JJ')","('occupation', 'NN')",390,53,1,0.997375833239598,0.002557500559835638,0.018818538570951292
"('lifelong', 'JJ')","('framework', 'NN')",988,53,1,0.9933521108736482,0.0010055432434385753,0.018742618770191257
"('lifelong', 'JJ')","('conflict', 'NN')",1480,53,1,0.9900416235759103,0.0006690727576430304,0.018680156325418786
"('lifelong', 'JJ')","('condition', 'NN')",2948,53,1,0.9801639907444483,0.00033260887669812856,0.01849378464060987
