HeadWord,CollocateWord,R1,C1,O_11,MutualInfo,DeltaP1,DeltaP2
"('migrant', 'JJ')","('pool', 'NN')",115,18,3,1.7318990813372364,0.02608505216392096,0.1666524476367295
"('migrant', 'JJ')","('woman', 'NN')",6159,18,3,1.7239248783456003,0.00048518624018966603,0.16588512784262105
"('migrant', 'JJ')","('help', 'NN')",441,18,1,0.9989922285561649,0.002265415334620839,0.05549969508080246
"('migrant', 'JJ')","('nation', 'NN')",1203,18,1,0.9972509091906268,0.0008290966249889731,0.055402954894980046
"('migrant', 'JJ')","('population', 'NN')",2470,18,1,0.9943555658361164,0.00040269938191899053,0.055242102118816014
"('migrant', 'JJ')","('culture', 'NN')",2869,18,1,0.9934437726250275,0.0003463944758863462,0.05519144682466491
"('migrant', 'JJ')","('society', 'NN')",4450,18,1,0.9898308777209385,0.00022255964045016897,0.05499072998242708
