HeadWord,CollocateWord,R1,C1,O_11,MutualInfo,DeltaP1,DeltaP2
"('missing', 'JJ')","('link', 'NN')",878,19,7,2.6449508318667627,0.007971141514217373,0.36831047426865415
"('missing', 'JJ')","('copy', 'NN')",210,19,1,0.9994934482160617,0.0047596195049606285,0.05260504521849209
"('missing', 'JJ')","('mass', 'NN')",1121,19,1,0.9972959783343105,0.0008897751388387495,0.05248938862994504
"('missing', 'JJ')","('something', 'NN')",1341,19,1,0.9967653050368513,0.0007434265699761134,0.05246145838902259
"('missing', 'JJ')","('element', 'NN')",2016,19,1,0.9951371028741925,0.0004937459649867124,0.05237576333164689
"('missing', 'JJ')","('problem', 'NN')",5522,19,1,0.9866801002337755,0.00017880700741953424,0.05193065685585549
"('missing', 'JJ')","('value', 'NN')",7502,19,1,0.9819040405566433,0.0001310104127001645,0.051679284687553444
