HeadWord,CollocateWord,R1,C1,O_11,MutualInfo,DeltaP1,DeltaP2
"('modified', 'JJ')","('algorithm', 'NN')",546,12,3,1.7315705610617702,0.005493362817288955,0.24993106314844124
"('modified', 'JJ')","('geometry', 'NN')",240,12,2,1.4139550219570145,0.008332063741306574,0.1666364512510663
"('modified', 'JJ')","('packaging', 'NN')",196,12,1,0.9997014010536784,0.0051006442728984734,0.08330857700542549
"('modified', 'JJ')","('code', 'NN')",1188,12,1,0.9981901247539289,0.0008403541224160051,0.0831826371219148
"('modified', 'JJ')","('way', 'NN')",6903,12,1,0.989483527926238,0.00014346681803114624,0.0824570862809233
