HeadWord,CollocateWord,R1,C1,O_11,MutualInfo,DeltaP1,DeltaP2
"('numerous', 'JJ')","('litigation', 'NN')",56,494,2,1.411730138043077,0.03565182324572325,0.004041726977916535
"('numerous', 'JJ')","('research', 'NN')",3849,494,2,1.243522486547398,0.0004571229229980154,0.003560155192614517
"('numerous', 'JJ')","('rebuilding', 'NN')",8,494,1,0.9994982725187659,0.12493741095661196,0.002023402754897113
"('numerous', 'JJ')","('ship', 'NN')",304,494,1,0.9809343557131043,0.003226882288711876,0.0019858216190022015
"('numerous', 'JJ')","('series', 'NN')",925,494,1,0.9419877599823075,0.0010184847503434005,0.001906977411601054
"('numerous', 'JJ')","('land', 'NN')",1604,494,1,0.8994036400125635,0.0005608396687010407,0.001820769332977255
"('numerous', 'JJ')","('information', 'NN')",3921,494,1,0.754090818260138,0.0001924168287400937,0.0015265953739620228
"('numerous', 'JJ')","('level', 'NN')",6185,494,1,0.6121019410708886,9.904332298897989e-05,0.0012391504696847308
