HeadWord,CollocateWord,R1,C1,O_11,MutualInfo,DeltaP1,DeltaP2
"('paramount', 'JJ')","('importance', 'NN')",1727,82,17,4.118745161844251,0.00983540561877301,0.20709997728900248
"('paramount', 'JJ')","('theme', 'NN')",650,82,3,1.728144040348363,0.004605354316263321,0.03650322489723819
"('paramount', 'JJ')","('goal', 'NN')",1019,82,2,1.406712479009603,0.0019525507969551188,0.024261128983305336
"('paramount', 'JJ')","('concern', 'NN')",1229,82,2,1.4051666227717883,0.0016171812885631492,0.02423446808554912
"('paramount', 'JJ')","('consideration', 'NN')",1129,82,1,0.9882467290592889,0.0008754547363249361,0.012051914843271823
"('paramount', 'JJ')","('feature', 'NN')",1697,82,1,0.9823336574079834,0.0005789895934723071,0.01197980346267405
"('paramount', 'JJ')","('end', 'NN')",2378,82,1,0.9752442176288654,0.00041023495902544097,0.011893345979950311
"('paramount', 'JJ')","('position', 'NN')",2398,82,1,0.97503601088058,0.0004067276647872898,0.011890806846830672
