HeadWord,CollocateWord,R1,C1,O_11,MutualInfo,DeltaP1,DeltaP2
"('renewed', 'JJ')","('attentiveness', 'NN')",3,3,1,0.9999988574019911,0.33333307942256796,0.33333307942256796
"('renewed', 'JJ')","('feeling', 'NN')",812,3,1,0.9996907368055956,0.001231273156749645,0.3332303725179852
"('renewed', 'JJ')","('sense', 'NN')",2028,3,1,0.9992276037459948,0.000492842670884108,0.3330759947726544
