HeadWord,CollocateWord,R1,C1,O_11,MutualInfo,DeltaP1,DeltaP2
"('vested', 'JJ')","('interest', 'NN')",2940,16,16,3.9985070052683924,0.005442176870748299,0.9996287818483972
