HeadWord,CollocateWord,R1,C1,O_11,MutualInfo,DeltaP1,DeltaP2
"('edition', 'NN')","('first', 'JJ')",4447,535,8,3.2291980960310176,0.0017320223394175994,0.014389678019129973
"('edition', 'NN')","('online', 'JJ')",453,535,2,2.414987049483233,0.004347339952518872,0.0036810570120178517
"('edition', 'NN')","('late', 'JJ')",749,535,2,2.1966034337965987,0.002602553341045087,0.003643475680493501
"('edition', 'NN')","('new', 'JJ')",6147,535,3,1.8106958155422517,0.0004204499607296873,0.004827410078468033
"('edition', 'NN')","('later', 'JJ')",403,535,1,1.5626902183630125,0.0024135919609072215,0.0018181193674479531
"('edition', 'NN')","('practical', 'JJ')",861,535,1,1.232992113050467,0.0010936386260136464,0.0017599698747514914
"('edition', 'NN')","('last', 'JJ')",1390,535,1,1.0249804642500269,0.0006516183463010129,0.0016928059410474994
"('edition', 'NN')","('other', 'JJ')",11775,535,1,0.09703434870318818,1.7030044357163062e-05,0.00037428523874890587
