HeadWord,CollocateWord,R1,C1,O_11,MutualInfo,DeltaP1,DeltaP2
"('chemical', 'JJ')","('route', 'NN')",373,130,1,11.599462010608054,0.0026645871337557313,0.007645079528477763
"('chemical', 'JJ')","('energy', 'NN')",2429,130,1,10.892959709776797,0.0003953097643354178,0.007384055053116645
"('chemical', 'JJ')","('nature', 'NN')",3158,130,1,10.784098186795969,0.000300272304658769,0.007291503086901541
