HeadWord,CollocateWord,R1,C1,O_11,MutualInfo,DeltaP1,DeltaP2
"('existing', 'JJ')","('recognition', 'NN')",453,29,1,11.617982957425133,0.0022039505649547085,0.03442537459830582
"('existing', 'JJ')","('method', 'NN')",4642,29,5,11.330590132712217,0.0010740732054840487,0.1718250990508071
