HeadWord,CollocateWord,R1,C1,O_11,MutualInfo,DeltaP1,DeltaP2
"('municipal', 'JJ')","('waste', 'NN')",369,17,3,12.19156394571189,0.008128303842864807,0.1764241224826486
"('municipal', 'JJ')","('assistance', 'NN')",205,17,1,11.954677021213342,0.004876017442271389,0.05879763046766719
"('municipal', 'JJ')","('supply', 'NN')",1095,17,1,11.254925208417943,0.000911210441362684,0.058684639976261395
"('municipal', 'JJ')","('authority', 'NN')",1396,17,1,11.150887833815423,0.0007143007328065703,0.05864642633815673
"('municipal', 'JJ')","('strategy', 'NN')",2565,17,1,10.88907375773358,0.0003878316007250479,0.058498015232029334
"('municipal', 'JJ')","('management', 'NN')",2987,17,1,10.82333006733185,0.0003327520083421366,0.05844443996531782
"('municipal', 'JJ')","('system', 'NN')",8354,17,1,10.378252653735183,0.00011766969423525219,0.057763069215458325
