HeadWord,CollocateWord,R1,C1,O_11,MutualInfo,DeltaP1,DeltaP2
"('opening', 'JJ')","('scene', 'NN')",520,9,2,11.878604319292776,0.0038452651001414594,0.22215645928390365
"('opening', 'JJ')","('impression', 'NN')",273,9,1,11.85078088734462,0.0036619879851269173,0.1110765792207199
"('opening', 'JJ')","('passage', 'NN')",335,9,1,11.764471553092452,0.002984058940993951,0.11106870798099837
"('opening', 'JJ')","('line', 'NN')",3139,9,2,11.104025267640935,0.0006362565461320959,0.2218239628834089
"('opening', 'JJ')","('century', 'NN')",2017,9,1,10.99439055463972,0.000494769917709844,0.11085516886468214
