HeadWord,CollocateWord,R1,C1,O_11,MutualInfo,DeltaP1,DeltaP2
"('renewable', 'JJ')","('source', 'NN')",2423,49,16,12.112101511903127,0.006599193419239281,0.3262250288542122
"('renewable', 'JJ')","('counterpart', 'NN')",131,49,1,12.045757490560675,0.007627493828862652,0.02039165896917436
"('renewable', 'JJ')","('energy', 'NN')",2429,49,13,12.020872045930773,0.005347424904600886,0.26499939645317705
"('renewable', 'JJ')","('resource', 'NN')",1919,49,8,11.910094888560602,0.004163631499287934,0.16302269296931207
"('renewable', 'JJ')","('conservation', 'NN')",379,49,1,11.669586226650809,0.002632428278166732,0.020360173850399923
