HeadWord,CollocateWord,R1,C1,O_11,MutualInfo,DeltaP1,DeltaP2
"('seminal', 'JJ')","('theorizing', 'NN')",24,24,1,12.619788758288394,0.04166374668508032,0.04166374668508032
"('seminal', 'JJ')","('paper', 'NN')",1221,24,7,12.050958684246483,0.005730847157716214,0.2915125424211963
"('seminal', 'JJ')","('contribution', 'NN')",557,24,2,11.837883858937632,0.0035878710580157015,0.08326287290809768
"('seminal', 'JJ')","('work', 'NN')",4080,24,8,11.590912630552165,0.0019587519756704428,0.3328163696368296
"('seminal', 'JJ')","('piece', 'NN')",606,24,1,11.5016894462104,0.001647244819147095,0.04158985845537375
"('seminal', 'JJ')","('importance', 'NN')",1727,24,1,11.057743849580536,0.0005761181825600885,0.04144754109196985
"('seminal', 'JJ')","('decision', 'NN')",2947,24,1,10.828127343860317,0.0003364070647328432,0.041292655112172574
"('seminal', 'JJ')","('case', 'NN')",6179,24,1,10.508428214499014,0.00015891622011108026,0.04088233422143092
"('seminal', 'JJ')","('system', 'NN')",8354,24,1,10.37788963963878,0.00011678006336597607,0.040606205527939865
