HeadWord,CollocateWord,R1,C1,O_11,MutualInfo,DeltaP1,DeltaP2
"('chemical', 'JJ')","('route', 'NN')",373,130,1,0.003976143141153081,0.0026645871337557313,0.007645079528477763
"('chemical', 'JJ')","('energy', 'NN')",2429,130,1,0.0007815552950371239,0.0003953097643354178,0.007384055053116645
"('chemical', 'JJ')","('nature', 'NN')",3158,130,1,0.0006082725060827251,0.000300272304658769,0.007291503086901541
