HeadWord,CollocateWord,R1,C1,O_11,MutualInfo,DeltaP1,DeltaP2
"('compelling', 'JJ')","('passion', 'NN')",147,39,1,0.010752688172043012,0.006797896695696288,0.025622490070440474
"('compelling', 'JJ')","('evidence', 'NN')",3405,39,10,0.005807200929152149,0.002933174265486608,0.2559792409161698
"('compelling', 'JJ')","('insight', 'NN')",387,39,1,0.004694835680751174,0.002579154788423292,0.02559202063934157
"('compelling', 'JJ')","('argument', 'NN')",2195,39,4,0.0035810205908683975,0.001817878787129221,0.10228594204936214
"('compelling', 'JJ')","('demand', 'NN')",2039,39,1,0.0009624639076034649,0.0004856109366189179,0.025382289388610778
"('compelling', 'JJ')","('analysis', 'NN')",3846,39,1,0.0005148005148005148,0.000255183740997807,0.025152879963628614
"('compelling', 'JJ')","('factor', 'NN')",4436,39,1,0.000446927374301676,0.00022060129263988716,0.025077975945510474
