HeadWord,CollocateWord,R1,C1,O_11,MutualInfo,DeltaP1,DeltaP2
"('migrant', 'JJ')","('pool', 'NN')",115,18,3,0.045112781954887216,0.02608505216392096,0.1666524476367295
"('migrant', 'JJ')","('help', 'NN')",441,18,1,0.004357298474945534,0.002265415334620839,0.05549969508080246
"('migrant', 'JJ')","('nation', 'NN')",1203,18,1,0.001638001638001638,0.0008290966249889731,0.055402954894980046
"('migrant', 'JJ')","('woman', 'NN')",6159,18,3,0.0009713453132588635,0.00048518624018966603,0.16588512784262105
"('migrant', 'JJ')","('population', 'NN')",2470,18,1,0.0008038585209003215,0.00040269938191899053,0.055242102118816014
"('migrant', 'JJ')","('culture', 'NN')",2869,18,1,0.0006927606511950121,0.0003463944758863462,0.05519144682466491
"('migrant', 'JJ')","('society', 'NN')",4450,18,1,0.0004476275738585497,0.00022255964045016897,0.05499072998242708
