HeadWord,CollocateWord,R1,C1,O_11,MutualInfo,DeltaP1,DeltaP2
"('numerous', 'JJ')","('litigation', 'NN')",56,494,2,0.007272727272727273,0.03565182324572325,0.004041726977916535
"('numerous', 'JJ')","('rebuilding', 'NN')",8,494,1,0.00398406374501992,0.12493741095661196,0.002023402754897113
"('numerous', 'JJ')","('ship', 'NN')",304,494,1,0.002506265664160401,0.003226882288711876,0.0019858216190022015
"('numerous', 'JJ')","('series', 'NN')",925,494,1,0.0014094432699083862,0.0010184847503434005,0.001906977411601054
"('numerous', 'JJ')","('land', 'NN')",1604,494,1,0.0009532888465204957,0.0005608396687010407,0.001820769332977255
"('numerous', 'JJ')","('research', 'NN')",3849,494,2,0.0009210223347916187,0.0004571229229980154,0.003560155192614517
"('numerous', 'JJ')","('information', 'NN')",3921,494,1,0.00045300113250283127,0.0001924168287400937,0.0015265953739620228
"('numerous', 'JJ')","('level', 'NN')",6185,494,1,0.0002994460248540201,9.904332298897989e-05,0.0012391504696847308
