HeadWord,CollocateWord,R1,C1,O_11,MutualInfo,DeltaP1,DeltaP2
"('opening', 'JJ')","('scene', 'NN')",520,9,2,0.007561436672967864,0.0038452651001414594,0.22215645928390365
"('opening', 'JJ')","('impression', 'NN')",273,9,1,0.0070921985815602835,0.0036619879851269173,0.1110765792207199
"('opening', 'JJ')","('passage', 'NN')",335,9,1,0.005813953488372093,0.002984058940993951,0.11106870798099837
"('opening', 'JJ')","('line', 'NN')",3139,9,2,0.0012706480304955528,0.0006362565461320959,0.2218239628834089
"('opening', 'JJ')","('century', 'NN')",2017,9,1,0.0009871668311944718,0.000494769917709844,0.11085516886468214
