HeadWord,CollocateWord,R1,C1,O_11,MutualInfo,DeltaP1,DeltaP2
"('pioneering', 'JJ')","('psychologist', 'NN')",178,16,1,0.010309278350515464,0.005616073155039965,0.06247752886018
"('pioneering', 'JJ')","('venture', 'NN')",209,16,1,0.008888888888888889,0.00478278461467031,0.062473593236821695
"('pioneering', 'JJ')","('attempt', 'NN')",988,16,1,0.00199203187250996,0.0010102411800794085,0.06237469483049524
"('pioneering', 'JJ')","('work', 'NN')",4080,16,3,0.00146484375,0.0007336428429773327,0.18698240205058672
"('pioneering', 'JJ')","('event', 'NN')",1616,16,1,0.0012254901960784314,0.000616907160401139,0.062294966718591506
"('pioneering', 'JJ')","('study', 'NN')",4264,16,2,0.0009345794392523365,0.00046726481460871377,0.12445891526602909
"('pioneering', 'JJ')","('strategy', 'NN')",2565,16,1,0.0007748934521503294,0.0003879585974146252,0.062174485861590474
"('pioneering', 'JJ')","('example', 'NN')",6267,16,2,0.0006366385484641095,0.0003173531711284138,0.12420462321484568
