HeadWord,CollocateWord,R1,C1,O_11,MutualInfo,DeltaP1,DeltaP2
"('proposed', 'JJ')","('mechanism', 'NN')",944,18,4,0.008316008316008316,0.00423551054787625,0.22210288393524968
"('proposed', 'JJ')","('investigation', 'NN')",945,18,4,0.008307372793354102,0.004231026644861561,0.22210275697962525
"('proposed', 'JJ')","('margin', 'NN')",366,18,1,0.005208333333333333,0.0027300820961863024,0.05550921675263537
"('proposed', 'JJ')","('title', 'NN')",439,18,1,0.00437636761487965,0.002275745967041999,0.05549994899205133
"('proposed', 'JJ')","('expansion', 'NN')",530,18,1,0.0036496350364963502,0.0018846340669168816,0.0554883960302274
"('proposed', 'JJ')","('budget', 'NN')",581,18,1,0.00333889816360601,0.0017190119959799043,0.05548192129338102
"('proposed', 'JJ')","('solution', 'NN')",2145,18,1,0.0009246417013407304,0.0004640416376265668,0.055283362696758646
"('proposed', 'JJ')","('method', 'NN')",4642,18,1,0.00042918454935622315,0.00021326487269826417,0.05496635450253482
"('proposed', 'JJ')","('law', 'NN')",4711,18,1,0.00042292239374074856,0.00021010962502072915,0.05495759456444854
