HeadWord,CollocateWord,R1,C1,O_11,MutualInfo,DeltaP1,DeltaP2
"('schematic', 'JJ')","('diagram', 'NN')",552,36,14,0.047619047619047616,0.02535952562747812,0.3888205866068563
"('schematic', 'JJ')","('sketch', 'NN')",59,36,1,0.021052631578947368,0.01694470907238846,0.027770414334733373
"('schematic', 'JJ')","('drawing', 'NN')",119,36,1,0.012903225806451613,0.008398917840705547,0.027762796979859852
"('schematic', 'JJ')","('representation', 'NN')",687,36,3,0.008298755186721992,0.004362622335606391,0.0832464954877752
"('schematic', 'JJ')","('symbol', 'NN')",345,36,1,0.005249343832020997,0.0028941070933072364,0.027734104943169594
"('schematic', 'JJ')","('structure', 'NN')",3568,36,3,0.001664816870144284,0.0008366157502378954,0.08288073549793167
"('schematic', 'JJ')","('knowledge', 'NN')",2601,36,2,0.0015168752370117557,0.0007646171178038033,0.05522559713361757
"('schematic', 'JJ')","('form', 'NN')",4450,36,2,0.0008916629514043691,0.00044511928090033793,0.05499085564759859
"('schematic', 'JJ')","('figure', 'NN')",3595,36,1,0.000550812448361333,0.00027371865119752244,0.027321498220853918
