HeadWord,CollocateWord,R1,C1,O_11,MutualInfo,DeltaP1,DeltaP2
"('likelihood', 'NN')","('real', 'JJ')",1704,174,6,2.434122563183609,0.0034997936493653,0.0342671837009145
"('likelihood', 'NN')","('maximum', 'JJ')",791,174,4,1.9912633147580752,0.0050353054382487675,0.022888589691847847
"('likelihood', 'NN')","('little', 'JJ')",1751,174,3,1.7097189052022166,0.001691592492689281,0.017019456483626943
"('likelihood', 'NN')","('high', 'JJ')",8237,174,3,1.6269977637115478,0.00034247818264071246,0.01619600599501585
"('likelihood', 'NN')","('reasonable', 'JJ')",598,174,1,0.986790043553297,0.001650275862275483,0.005671332427885398
"('likelihood', 'NN')","('dependent', 'JJ')",659,174,1,0.9854425396348206,0.0014954855723359251,0.005663587981415266
"('likelihood', 'NN')","('strong', 'JJ')",2030,174,1,0.9551568368113593,0.0004706419027819085,0.005489528373045577
