HeadWord,CollocateWord,R1,C1,O_11,MutualInfo,DeltaP1,DeltaP2
"('draft', 'NN')","('shallow', 'JJ')",81,71,3,0.039473684210526314,0.03702840398552628,0.042243618521423186
"('draft', 'NN')","('official', 'JJ')",269,71,1,0.0058823529411764705,0.003708584942050837,0.014050482705966122
"('draft', 'NN')","('final', 'JJ')",1261,71,3,0.0045045045045045045,0.002370429889722418,0.04209380987657568
"('draft', 'NN')","('early', 'JJ')",2063,71,2,0.0018744142455482662,0.0009606997356492479,0.02790735678193865
"('draft', 'NN')","('first', 'JJ')",4447,71,3,0.0013280212483399733,0.0006659742586416377,0.041689326535487424
