HeadWord,CollocateWord,R1,C1,O_11,MutualInfo,DeltaP1,DeltaP2
"('ally', 'VB')","('willingly', 'RB')",36,38,1,12.431798275933005,0.027773080408939107,0.02631134601554641
"('ally', 'VB')","('closely', 'RB')",504,38,2,11.868060704789576,0.003963683283760955,0.052567847062077684
"('ally', 'VB')","('traditionally', 'RB')",249,38,1,11.843148098929989,0.004011366761161591,0.026284304398879226
"('ally', 'VB')","('long', 'RB')",756,38,1,11.401209493236884,0.0013180535244950945,0.026219937733854524
"('ally', 'VB')","('together', 'RB')",1357,38,1,11.156455788054366,0.0007322215189946126,0.026143637209831157
"('ally', 'VB')","('often', 'RB')",3439,38,1,10.759825304980723,0.0002860828050044402,0.025879314928605453
"('ally', 'VB')","('still', 'RB')",3477,38,1,10.755104666308139,0.0002829048347369938,0.02587449060262727
