HeadWord,CollocateWord,R1,C1,O_11,MutualInfo,DeltaP1,DeltaP2
"('conference', 'NN')","('organize', 'VB')",530,165,5,0.014388489208633094,0.009413648043790405,0.030236377356290832
