HeadWord,CollocateWord,R1,C1,O_11,MutualInfo,DeltaP1,DeltaP2
"('data', 'NN')","('process', 'VB')",404,620,3,0.005859375,0.007347407115159581,0.004787796580869587
"('data', 'NN')","('send', 'VB')",758,620,2,0.002902757619738752,0.002560056479884327,0.0031298206636038643
"('data', 'NN')","('analyze', 'VB')",1638,620,3,0.002657218777679362,0.0017531540975925766,0.004631121366050601
"('data', 'NN')","('use', 'VB')",18363,620,4,0.0004214297002581257,0.00013944210213675097,0.0041206564454772015
