HeadWord,CollocateWord,R1,C1,O_11,MutualInfo,DeltaP1,DeltaP2
"('resemblance', 'NN')","('bear', 'VB')",819,73,17,0.03811659192825112,0.02074991051900173,0.2327748932070091
"('resemblance', 'NN')","('justify', 'VB')",652,73,1,0.002758620689655172,0.0015246007905273561,0.013615981448377232
"('resemblance', 'NN')","('show', 'VB')",9078,73,1,0.00021855534914217025,0.0001010050911345789,0.012546245887363394
