HeadWord,CollocateWord,R1,C1,O_11,MutualInfo,DeltaP1,DeltaP2
"('summary', 'NN')","('provide', 'VB')",6534,377,17,0.0049196932426566345,0.002556033464619827,0.04426543068100888
"('summary', 'NN')","('encapsulate', 'VB')",123,377,1,0.004,0.008082345349687513,0.0026370306017611243
"('summary', 'NN')","('give', 'VB')",8228,377,13,0.003021499128413713,0.0015337107668842356,0.03343977062958863
"('summary', 'NN')","('read', 'VB')",1099,377,2,0.0027100271002710027,0.0017722213209542647,0.005165763119966659
"('summary', 'NN')","('make', 'VB')",11834,377,3,0.0004913602489558594,0.00020595410691857474,0.006455479228536788
"('summary', 'NN')","('be', 'VB')",285574,377,19,0.00013288990071725577,1.9372872766542675e-05,0.01414341227515585
"('summary', 'NN')","('use', 'VB')",18363,377,1,0.00010672358591248666,6.61058276577225e-06,0.0003212544657072449
