HeadWord,CollocateWord,R1,C1,O_11,MutualInfo,DeltaP1,DeltaP2
"('emission', 'NN')","('reduce', 'VB')",3486,172,12,3.4421272589343523,0.003422018944482467,0.06932638939807455
"('emission', 'NN')","('control', 'VB')",1545,172,2,1.390357822730998,0.0012729117409094636,0.011432010618232775
"('emission', 'NN')","('create', 'VB')",4042,172,2,1.3518026240990786,0.0004732110645945099,0.011114996226007891
"('emission', 'NN')","('sequester', 'VB')",3,172,1,0.9999344910474907,0.33331162396289615,0.005813699572158857
"('emission', 'NN')","('tackle', 'VB')",209,172,1,0.9954362096418514,0.004762979057002303,0.005787546202195571
"('emission', 'NN')","('absorb', 'VB')",336,172,1,0.9926629973189572,0.002954480187926093,0.005771422522655098
"('emission', 'NN')","('cut', 'VB')",495,172,1,0.9891910228359638,0.001998491293668427,0.005751236183702853
"('emission', 'NN')","('receive', 'VB')",1521,172,1,0.9667869610777797,0.0006357486408878086,0.005620977166312893
"('emission', 'NN')","('improve', 'VB')",2025,172,1,0.9557814570562155,0.0004721122157482025,0.005556990280577475
