HeadWord,CollocateWord,R1,C1,O_11,MutualInfo,DeltaP1,DeltaP2
"('offense', 'NN')","('commit', 'VB')",479,256,33,5.741852645468568,0.06886521542241818,0.1288496260805837
"('offense', 'NN')","('introduce', 'VB')",1351,256,2,1.3831657310731136,0.0014481327133694117,0.007641231687684805
"('offense', 'NN')","('remain', 'VB')",2472,256,2,1.3574036149463342,0.000776804710495383,0.007498910132380629
"('offense', 'NN')","('take', 'VB')",8391,256,2,1.2213768840325003,0.00020606957041425884,0.006747437085239312
"('offense', 'NN')","('neutralize', 'VB')",51,256,1,0.9983424711551133,0.019575469317391722,0.003899902026971268
"('offense', 'NN')","('mitigate', 'VB')",81,256,1,0.9973674541875328,0.012313305069180358,0.0038960932431540284
"('offense', 'NN')","('constitute', 'VB')",423,256,1,0.9862522607571159,0.002331690844977303,0.0038526731076375
"('offense', 'NN')","('repeat', 'VB')",586,256,1,0.9809546685665955,0.001674108622745866,0.0038319787155638332
"('offense', 'NN')","('explain', 'VB')",2614,256,1,0.9150435215581584,0.0003501711131784163,0.0035745049295184553
