HeadWord,CollocateWord,R1,C1,O_11,MutualInfo,DeltaP1,DeltaP2
"('precedence', 'NN')","('take', 'VB')",8391,38,19,4.349612028538729,0.0022619161069375865,0.4989371248134382
"('precedence', 'NN')","('gain', 'VB')",1532,38,2,1.4089874551291561,0.0013009117475911544,0.05243733634877316
"('precedence', 'NN')","('decide', 'VB')",1358,38,1,0.9934485969277317,0.0007316788676795298,0.026143510253884363
