HeadWord,CollocateWord,R1,C1,O_11,MutualInfo,DeltaP1,DeltaP2
"('ally', 'VB')","('closely', 'RB')",504,38,2,1.4124942686061595,0.003963683283760955,0.052567847062077684
"('ally', 'VB')","('willingly', 'RB')",36,38,1,0.9998263251026497,0.027773080408939107,0.02631134601554641
"('ally', 'VB')","('traditionally', 'RB')",249,38,1,0.9987987486266606,0.004011366761161591,0.026284304398879226
"('ally', 'VB')","('long', 'RB')",756,38,1,0.9963528271556444,0.0013180535244950945,0.026219937733854524
"('ally', 'VB')","('together', 'RB')",1357,38,1,0.9934534212304359,0.0007322215189946126,0.026143637209831157
"('ally', 'VB')","('often', 'RB')",3439,38,1,0.9834092230003456,0.0002860828050044402,0.025879314928605453
"('ally', 'VB')","('still', 'RB')",3477,38,1,0.983225899497587,0.0002829048347369938,0.02587449060262727
