HeadWord,CollocateWord,R1,C1,O_11,MutualInfo,DeltaP1,DeltaP2
"('emission', 'NN')","('reduce', 'VB')",3486,172,12,2.3716890652702416,0.003422018944482467,0.06932638939807455
"('emission', 'NN')","('control', 'VB')",1545,172,2,0.5337027355437216,0.0012729117409094636,0.011432010618232775
"('emission', 'NN')","('create', 'VB')",4042,172,2,0.4079721918690266,0.0004732110645945099,0.011114996226007891
"('emission', 'NN')","('receive', 'VB')",1521,172,1,0.0,0.0006357486408878086,0.005620977166312893
"('emission', 'NN')","('improve', 'VB')",2025,172,1,0.0,0.0004721122157482025,0.005556990280577475
"('emission', 'NN')","('absorb', 'VB')",336,172,1,0.0,0.002954480187926093,0.005771422522655098
"('emission', 'NN')","('tackle', 'VB')",209,172,1,0.0,0.004762979057002303,0.005787546202195571
"('emission', 'NN')","('sequester', 'VB')",3,172,1,0.0,0.33331162396289615,0.005813699572158857
"('emission', 'NN')","('cut', 'VB')",495,172,1,0.0,0.001998491293668427,0.005751236183702853
