HeadWord,CollocateWord,R1,C1,O_11,MutualInfo,DeltaP1,DeltaP2
"('journal', 'NN')","('find', 'VB')",7310,707,3,0.314963728807605,0.00032093713908563817,0.003315535571045647
"('journal', 'NN')","('describe', 'VB')",2640,707,2,0.2788608528126528,0.0006680422386392278,0.0024939160788733945
"('journal', 'NN')","('use', 'VB')",18363,707,3,0.12410269902243119,7.378659394510129e-05,0.0019121722985340332
"('journal', 'NN')","('consider', 'VB')",4706,707,1,0.0,0.00012281063970646697,0.0008170486898732914
"('journal', 'NN')","('keep', 'VB')",1737,707,1,0.0,0.0004860550030905701,0.0011940129128070634
"('journal', 'NN')","('evaluate', 'VB')",752,707,1,0.0,0.0012401482101378823,0.001319075142375863
"('journal', 'NN')","('guarantee', 'VB')",301,707,1,0.0,0.0032326252449527545,0.0013763371378434045
"('journal', 'NN')","('market', 'VB')",133,707,1,0.0,0.007429165013009719,0.0013976675485718902
"('journal', 'NN')","('search', 'VB')",333,707,1,0.0,0.002913368747583717,0.0013722742024665502
