HeadWord,CollocateWord,R1,C1,O_11,MutualInfo,DeltaP1,DeltaP2
"('summary', 'NN')","('provide', 'VB')",6534,377,17,2.13517031285825,0.002556033464619827,0.04426543068100888
"('summary', 'NN')","('give', 'VB')",8228,377,13,1.6916976084800521,0.0015337107668842356,0.03343977062958863
"('summary', 'NN')","('read', 'VB')",1099,377,2,0.47563943421647803,0.0017722213209542647,0.005165763119966659
"('summary', 'NN')","('make', 'VB')",11834,377,3,0.34543454126894185,0.00020595410691857474,0.006455479228536788
"('summary', 'NN')","('be', 'VB')",285574,377,19,0.18291628150207767,1.9372872766542675e-05,0.01414341227515585
"('summary', 'NN')","('encapsulate', 'VB')",123,377,1,0.0,0.008082345349687513,0.0026370306017611243
"('summary', 'NN')","('use', 'VB')",18363,377,1,0.0,6.61058276577225e-06,0.0003212544657072449
