HeadWord,CollocateWord,R1,C1,O_11,MutualInfo,DeltaP1,DeltaP2
"('treaty', 'NN')","('undermine', 'VB')",343,285,1,0.0,0.00287939500997518,0.0034653516344421323
"('treaty', 'NN')","('ban', 'VB')",103,285,1,0.0,0.009672682077650818,0.003495822017166644
"('treaty', 'NN')","('honor', 'VB')",41,285,1,0.0,0.024354188399817067,0.0035036935327038094
"('treaty', 'NN')","('implement', 'VB')",1043,285,1,0.0,0.0009227126810306713,0.0033764796848289725
