HeadWord,CollocateWord,R1,C1,O_11,MutualInfo,DeltaP1,DeltaP2
"('desired', 'JJ')","('function', 'NN')",2882,2,1,0.0003468542612093878,0.0003468542612093878,0.49963424158895303
"('desired', 'JJ')","('product', 'NN')",5179,2,1,0.00019296042976070087,0.00019296042976070087,0.49934262511197464
