HeadWord,CollocateWord,R1,C1,O_11,MutualInfo,DeltaP1,DeltaP2
"('far', 'JJ')","('cry', 'NN')",43,37,8,0.18604282990311286,0.18604282990311286,0.21621177275864256
"('far', 'JJ')","('root', 'NN')",618,37,1,0.001613552226696978,0.001613552226696978,0.026948695217799645
"('far', 'JJ')","('west', 'NN')",748,37,1,0.0013323275696289073,0.0013323275696289073,0.0269321909468117
"('far', 'JJ')","('share', 'NN')",967,37,1,0.0010295552101996374,0.0010295552101996374,0.026904387597993552
"('far', 'JJ')","('end', 'NN')",2378,37,2,0.0008365981146086423,0.0008365981146086423,0.05375240676276675
"('far', 'JJ')","('right', 'NN')",2796,37,1,0.0003530817761796971,0.0003530817761796971,0.026672185200786278
"('far', 'JJ')","('country', 'NN')",4774,37,1,0.00020489478764301419,0.00020489478764301419,0.026421066369908208
