HeadWord,CollocateWord,R1,C1,O_11,MutualInfo,DeltaP1,DeltaP2
"('perceived', 'JJ')","('status', 'NN')",1333,2,1,0.0007500605700639281,0.0007500605700639281,0.4998308954517478
