HeadWord,CollocateWord,R1,C1,O_11,MutualInfo,DeltaP1,DeltaP2
"('involved', 'JJ')","('become', 'VB')",5566,108,39,15.38872250966713,0.006998061052434029,0.3604094193573032
"('involved', 'JJ')","('be', 'VB')",285574,108,24,9.426790596829541,7.29758375541866e-05,0.18596962944135698
"('involved', 'JJ')","('feel', 'VB')",2654,108,12,6.3388781419656,0.0045092851958252,0.11077569051882588
"('involved', 'JJ')","('get', 'VB')",2412,108,2,1.9548372657548492,0.0008157260088177855,0.018212551967645166
"('involved', 'JJ')","('remain', 'VB')",2472,108,1,1.1331310217881085,0.00039094225904121564,0.008945548326807787
