HeadWord,CollocateWord,R1,C1,O_11,MutualInfo,DeltaP1,DeltaP2
"('successful', 'JJ')","('be', 'VB')",285574,1336,497,157.6561801303406,0.0016298319782710685,0.335807802523441
"('successful', 'JJ')","('prove', 'VB')",1673,1336,21,9.037674537710105,0.012385319524301311,0.015508797083090355
"('successful', 'JJ')","('make', 'VB')",11834,1336,16,6.813471743991059,0.0011842033128695224,0.010475435240788256
"('successful', 'JJ')","('become', 'VB')",5566,1336,11,5.173539367442986,0.001807949816037176,0.007528176414821729
"('successful', 'JJ')","('remain', 'VB')",2472,1336,5,2.935666315587177,0.0018536231242238183,0.0034292630289009625
"('successful', 'JJ')","('consider', 'VB')",4706,1336,3,1.7863824806346926,0.0004681514341649798,0.0016483367569567263
"('successful', 'JJ')","('appear', 'VB')",3067,1336,2,1.2846745276613578,0.0004826786471822989,0.0011078218779096095
"('successful', 'JJ')","('feel', 'VB')",2654,1336,1,0.5041193351201478,0.000207247254444188,0.0004116333548167555
