HeadWord,CollocateWord,R1,C1,O_11,MutualInfo,DeltaP1,DeltaP2
"('unchanged', 'JJ')","('remain', 'VB')",2472,64,40,16.0418483248608,0.016178181888910553,0.6246912421182315
"('unchanged', 'JJ')","('be', 'VB')",285574,64,12,5.328316721755769,3.5170606073930745e-05,0.15124608625263147
"('unchanged', 'JJ')","('leave', 'VB')",2120,64,5,3.7120162057876307,0.0023509981847735653,0.07785648728620866
"('unchanged', 'JJ')","('keep', 'VB')",1737,64,1,1.3462067822928443,0.0005677052886951423,0.015404603748869136
