HeadWord,CollocateWord,R1,C1,O_11,MutualInfo,DeltaP1,DeltaP2
"('proportional', 'JJ')","('inversely', 'RB')",42,268,22,13.152090982651915,0.5237782926307525,0.08208701304572598
"('proportional', 'JJ')","('directly', 'RB')",1141,268,32,12.65726898087453,0.028015608258217427,0.11926218681834154
"('proportional', 'JJ')","('roughly', 'RB')",206,268,5,12.324221658325914,0.024238454534022662,0.018631197527456567
"('proportional', 'JJ')","('linearly', 'RB')",82,268,2,12.057991946977687,0.024356473431947814,0.007452529794844227
"('proportional', 'JJ')","('qualitatively', 'RB')",20,268,1,11.84163750790475,0.04996610283966796,0.003728931050156101
"('proportional', 'JJ')","('conversely', 'RB')",197,268,1,11.633577042774027,0.005042244209922317,0.003706459191398208
