HeadWord,CollocateWord,R1,C1,O_11,MutualInfo,DeltaP1,DeltaP2
"('striking', 'JJ')","('quite', 'RB')",1028,74,2,11.559878396812197,0.001936383314637519,0.02689676963028585
"('striking', 'JJ')","('particularly', 'RB')",1609,74,2,11.37597587535214,0.00123386542790164,0.026823007888076664
"('striking', 'JJ')","('very', 'RB')",5556,74,3,11.027642855532298,0.00053093661220226,0.0398355509458975
"('striking', 'JJ')","('rather', 'RB')",3172,74,1,10.789681480173769,0.00030598703893072553,0.013110934366275428
"('striking', 'JJ')","('however', 'RB')",12129,74,1,10.214563384392399,7.316499552310156e-05,0.0119737847535944
