HeadWord,CollocateWord,R1,C1,O_11,MutualInfo,DeltaP1,DeltaP2
"('established', 'JJ')","('well', 'RB')",5159,70,5,2.736625487309823,0.0009609225685701096,0.07077423782050431
"('established', 'JJ')","('long', 'RB')",756,70,1,2.172729211009887,0.0013139905638410595,0.01418986215647667
