HeadWord,CollocateWord,R1,C1,O_11,MutualInfo,DeltaP1,DeltaP2
"('proportional', 'JJ')","('inversely', 'RB')",42,268,22,5.529810323743073,0.5237782926307525,0.08208701304572598
"('proportional', 'JJ')","('directly', 'RB')",1141,268,32,4.421228564718159,0.028015608258217427,0.11926218681834154
"('proportional', 'JJ')","('roughly', 'RB')",206,268,5,3.552287040799446,0.024238454534022662,0.018631197527456567
"('proportional', 'JJ')","('qualitatively', 'RB')",20,268,1,3.1671842568325803,0.04996610283966796,0.003728931050156101
"('proportional', 'JJ')","('linearly', 'RB')",82,268,2,3.156460391440807,0.024356473431947814,0.007452529794844227
"('proportional', 'JJ')","('conversely', 'RB')",197,268,1,2.173748026334968,0.005042244209922317,0.003706459191398208
