HeadWord,CollocateWord,R1,C1,O_11,MutualInfo,DeltaP1,DeltaP2
"('straightforward', 'JJ')","('fairly', 'RB')",538,113,6,3.668790828142829,0.01113883120821263,0.05302980392594196
"('straightforward', 'JJ')","('relatively', 'RB')",1175,113,6,3.3295352372014624,0.005092796731256382,0.05294893221779818
"('straightforward', 'JJ')","('quite', 'RB')",1028,113,4,3.035397471038598,0.0038772106459652412,0.03526822596111844
"('straightforward', 'JJ')","('considerably', 'RB')",232,113,1,2.4777826181510307,0.004296125411328793,0.008820230419170655
"('straightforward', 'JJ')","('essentially', 'RB')",494,113,1,2.1495436541182835,0.002010071608718175,0.008786967644392522
"('straightforward', 'JJ')","('as', 'RB')",6170,113,2,1.6550454303366513,0.0003100460193273066,0.016916043308249605
"('straightforward', 'JJ')","('still', 'RB')",3477,113,1,1.302065912358672,0.0002733789797248254,0.008408254449113245
"('straightforward', 'JJ')","('very', 'RB')",5556,113,1,1.0985083659763526,0.00016575656706193715,0.008144310522534092
"('straightforward', 'JJ')","('so', 'RB')",7088,113,1,0.9927468941629363,0.00012685171737800805,0.007949812160090964
