HeadWord,CollocateWord,R1,C1,O_11,MutualInfo,DeltaP1,DeltaP2
"('blurred', 'JJ')","('become', 'VB')",5566,24,4,0.0014311270125223613,0.0007161080378200881,0.16596053894565643
