HeadWord,CollocateWord,R1,C1,O_11,MutualInfo,DeltaP1,DeltaP2
"('evident', 'JJ')","('become', 'VB')",5566,572,28,0.009123492994460736,0.004961430040851563,0.0482479192493928
"('evident', 'JJ')","('seem', 'VB')",4073,572,12,0.005166846071044133,0.0028750995104754175,0.02046341792405066
"('evident', 'JJ')","('be', 'VB')",285574,572,412,0.002879648850586763,0.0014216313665589757,0.6840742540493716
"('evident', 'JJ')","('exceed', 'VB')",306,572,1,0.002277904328018223,0.00319547954402909,0.0017095275591934012
"('evident', 'JJ')","('make', 'VB')",11834,572,7,0.0011284862163469288,0.0005196782788512126,0.010736152454178399
"('evident', 'JJ')","('present', 'VB')",2044,572,1,0.0007645259938837921,0.00041672647852277834,0.0014888631638379677
"('evident', 'JJ')","('suggest', 'VB')",4887,572,1,0.00036636746656896867,0.00013208801424715563,0.0011279029359924572
