HeadWord,CollocateWord,R1,C1,O_11,MutualInfo,DeltaP1,DeltaP2
"('obvious', 'JJ')","('become', 'VB')",5566,635,19,0.00612804386389292,0.00333532267804592,0.02921698182651923
"('obvious', 'JJ')","('seem', 'VB')",4073,635,12,0.005097706032285472,0.0028670971864989177,0.018382030616083622
"('obvious', 'JJ')","('be', 'VB')",285574,635,208,0.0014534832936769983,0.0006721083711681433,0.29132739831010845
"('obvious', 'JJ')","('make', 'VB')",11834,635,8,0.0012831822920843692,0.000596297486237664,0.011096930367713673
