HeadWord,CollocateWord,R1,C1,O_11,MutualInfo,DeltaP1,DeltaP2
"('plausible', 'JJ')","('seem', 'VB')",4073,149,16,0.007579346281383231,0.0039114145771457194,0.10686748280103765
"('plausible', 'JJ')","('look', 'VB')",3154,149,1,0.0006055101422948834,0.000298260788415717,0.006311111654690929
"('plausible', 'JJ')","('make', 'VB')",11834,149,3,0.000500709338229158,0.00023494347646590318,0.01863219121452587
"('plausible', 'JJ')","('be', 'VB')",285574,149,54,0.0003779884713516238,0.00017657837390664782,0.3261671346293309
