HeadWord,CollocateWord,R1,C1,O_11,MutualInfo,DeltaP1,DeltaP2
"('stable', 'JJ')","('remain', 'VB')",2472,665,18,0.011475932419509085,0.0071993875103377476,0.026756094477723865
"('stable', 'JJ')","('become', 'VB')",5566,665,16,0.005135612261274273,0.0027921434844663134,0.02335548877919699
"('stable', 'JJ')","('keep', 'VB')",1737,665,5,0.004163197335553705,0.002794717192257084,0.007298891787876042
"('stable', 'JJ')","('be', 'VB')",285574,665,190,0.0013275619325109436,0.0006027543219973991,0.24948020551160724
"('stable', 'JJ')","('maintain', 'VB')",1799,665,1,0.0008116883116883117,0.0004715467695855228,0.0012754744343622462
"('stable', 'JJ')","('hold', 'VB')",2105,665,1,0.0007220216606498195,0.00039073850644065196,0.0012366228220012884
"('stable', 'JJ')","('look', 'VB')",3154,665,1,0.0005236973029588898,0.00023272559449250598,0.0011034354319142139
