HeadWord,CollocateWord,R1,C1,O_11,MutualInfo,DeltaP1,DeltaP2
"('successful', 'JJ')","('prove', 'VB')",1673,1336,21,0.013958125623130608,0.012385319524301311,0.015508797083090355
"('successful', 'JJ')","('be', 'VB')",285574,1336,497,0.003464501063051131,0.0016298319782710685,0.335807802523441
"('successful', 'JJ')","('become', 'VB')",5566,1336,11,0.003187481889307447,0.001807949816037176,0.007528176414821729
"('successful', 'JJ')","('remain', 'VB')",2472,1336,5,0.0026260504201680674,0.0018536231242238183,0.0034292630289009625
"('successful', 'JJ')","('make', 'VB')",11834,1336,16,0.0024297646165527716,0.0011842033128695224,0.010475435240788256
"('successful', 'JJ')","('consider', 'VB')",4706,1336,3,0.0009930486593843098,0.0004681514341649798,0.0016483367569567263
"('successful', 'JJ')","('appear', 'VB')",3067,1336,2,0.0009084714967067908,0.0004826786471822989,0.0011078218779096095
"('successful', 'JJ')","('feel', 'VB')",2654,1336,1,0.0005012531328320802,0.000207247254444188,0.0004116333548167555
