HeadWord,CollocateWord,R1,C1,O_11,MutualInfo,DeltaP1,DeltaP2
"('useful', 'JJ')","('prove', 'VB')",1673,1314,32,0.021426180113826583,0.018964524883578422,0.024144751780028315
"('useful', 'JJ')","('find', 'VB')",7310,1314,21,0.00487012987012987,0.002708471287643757,0.01505620333137583
"('useful', 'JJ')","('be', 'VB')",285574,1314,668,0.00465686957976632,0.002254050121299964,0.4721950136865455
"('useful', 'JJ')","('become', 'VB')",5566,1314,11,0.003197674418604651,0.0018107448084271741,0.0076660305348055435
"('useful', 'JJ')","('make', 'VB')",11834,1314,8,0.001216915120170368,0.0005099651093839973,0.004586655777284307
"('useful', 'JJ')","('examine', 'VB')",1577,1314,1,0.0006918021445866483,0.0004673896751223285,0.0005609200176770483
"('useful', 'JJ')","('provide', 'VB')",6534,1314,1,0.00025484199796126404,-1.3785136837451707e-05,-6.85025743910843e-05
