HeadWord,CollocateWord,R1,C1,O_11,MutualInfo,DeltaP1,DeltaP2
"('visible', 'JJ')","('become', 'VB')",5566,359,15,0.005063291139240506,0.002651230007602173,0.041077968623325835
"('visible', 'JJ')","('convert', 'VB')",452,359,1,0.002466091245376079,0.0021669367625998396,0.0027282558548431196
"('visible', 'JJ')","('make', 'VB')",11834,359,14,0.0022963995735257934,0.0011391664484684465,0.03749653403655261
"('visible', 'JJ')","('reveal', 'VB')",933,359,1,0.0015479876160990713,0.0010263559673529305,0.00266718755572729
"('visible', 'JJ')","('be', 'VB')",285574,359,150,0.0010491968398191184,0.0004977260661336028,0.3815895471003749
