HeadWord,CollocateWord,R1,C1,O_11,MutualInfo,DeltaP1,DeltaP2
"('compelling', 'JJ')","('evidence', 'NN')",3405,39,10,4.773167323250047,0.002933174265486608,0.2559792409161698
"('compelling', 'JJ')","('argument', 'NN')",2195,39,4,3.7700298889045976,0.001817878787129221,0.10228594204936214
"('compelling', 'JJ')","('passion', 'NN')",147,39,1,3.1379671047506745,0.006797896695696288,0.025622490070440474
"('compelling', 'JJ')","('insight', 'NN')",387,39,1,2.7175734744799396,0.002579154788423292,0.02559202063934157
"('compelling', 'JJ')","('demand', 'NN')",2039,39,1,1.995867213720711,0.0004856109366189179,0.025382289388610778
"('compelling', 'JJ')","('analysis', 'NN')",3846,39,1,1.72027515959639,0.000255183740997807,0.025152879963628614
"('compelling', 'JJ')","('factor', 'NN')",4436,39,1,1.6582929020217285,0.00022060129263988716,0.025077975945510474
