HeadWord,CollocateWord,R1,C1,O_11,MutualInfo,DeltaP1,DeltaP2
"('counter', 'JJ')","('medication', 'NN')",269,116,6,4.7365925284469546,0.022290867150041648,0.05169074818638351
"('counter', 'JJ')","('pulsation', 'NN')",3,116,1,4.354769802578769,0.3333187334643259,0.008620435740764421
"('counter', 'JJ')","('imagery', 'NN')",151,116,1,2.6529141100052622,0.0066079164129560705,0.008601646074572998
"('counter', 'JJ')","('current', 'NN')",317,116,1,2.3308317950806803,0.003139973681452441,0.008580571178709645
"('counter', 'JJ')","('example', 'NN')",6267,116,2,1.9379213495904044,0.0003046475287177926,0.01644599242730923
"('counter', 'JJ')","('trade', 'NN')",2344,116,1,1.4619334499523786,0.00041201695099382885,0.00832322892620954
