HeadWord,CollocateWord,R1,C1,O_11,MutualInfo,DeltaP1,DeltaP2
"('disposable', 'JJ')","('income', 'NN')",1254,104,86,7.584513524462575,0.06857825670486935,0.8267747911347209
"('disposable', 'JJ')","('increase', 'NN')",2370,104,3,2.935931125375453,0.0012529964367990487,0.02854564660211378
"('disposable', 'JJ')","('tip', 'NN')",186,104,1,2.6098027630086533,0.005363267377797145,0.009591897568427534
"('disposable', 'JJ')","('item', 'NN')",860,104,1,1.944817255983002,0.0011497128703814754,0.00950632854329741
"('disposable', 'JJ')","('access', 'NN')",949,104,1,1.9020494947992772,0.0010406628046907343,0.009495029369355895
"('disposable', 'JJ')","('capital', 'NN')",1479,104,1,1.7093475332296775,0.0006630536667626942,0.00942774215374912
"('disposable', 'JJ')","('culture', 'NN')",2869,104,1,1.4215851589805717,0.0003354723389118264,0.00925127190904456
