HeadWord,CollocateWord,R1,C1,O_11,MutualInfo,DeltaP1,DeltaP2
"('municipal', 'JJ')","('waste', 'NN')",369,17,3,4.530237523147004,0.008128303842864807,0.1764241224826486
"('municipal', 'JJ')","('assistance', 'NN')",205,17,1,3.3541462640913218,0.004876017442271389,0.05879763046766719
"('municipal', 'JJ')","('supply', 'NN')",1095,17,1,2.626486005970939,0.000911210441362684,0.058684639976261395
"('municipal', 'JJ')","('authority', 'NN')",1396,17,1,2.5210147068599342,0.0007143007328065703,0.05864642633815673
"('municipal', 'JJ')","('strategy', 'NN')",2565,17,1,2.2568127556992414,0.0003878316007250479,0.058498015232029334
"('municipal', 'JJ')","('management', 'NN')",2987,17,1,2.190664902542948,0.0003327520083421366,0.05844443996531782
"('municipal', 'JJ')","('system', 'NN')",8354,17,1,1.7440056542179738,0.00011766969423525219,0.057763069215458325
