HeadWord,CollocateWord,R1,C1,O_11,MutualInfo,DeltaP1,DeltaP2
"('paramount', 'JJ')","('importance', 'NN')",1727,82,17,5.436589620708996,0.00983540561877301,0.20709997728900248
"('paramount', 'JJ')","('theme', 'NN')",650,82,3,3.600985601657765,0.004605354316263321,0.03650322489723819
"('paramount', 'JJ')","('goal', 'NN')",1019,82,2,2.8774509971271507,0.0019525507969551188,0.024261128983305336
"('paramount', 'JJ')","('concern', 'NN')",1229,82,2,2.796073298247123,0.0016171812885631492,0.02423446808554912
"('paramount', 'JJ')","('consideration', 'NN')",1129,82,1,1.929841252216666,0.0008754547363249361,0.012051914843271823
"('paramount', 'JJ')","('feature', 'NN')",1697,82,1,1.7528533518239577,0.0005789895934723071,0.01197980346267405
"('paramount', 'JJ')","('end', 'NN')",2378,82,1,1.6063233438589608,0.00041023495902544097,0.011893345979950311
"('paramount', 'JJ')","('position', 'NN')",2398,82,1,1.6026860153788036,0.0004067276647872898,0.011890806846830672
