HeadWord,CollocateWord,R1,C1,O_11,MutualInfo,DeltaP1,DeltaP2
"('renewed', 'JJ')","('attentiveness', 'NN')",3,3,1,5.942106537086025,0.33333307942256796,0.33333307942256796
"('renewed', 'JJ')","('feeling', 'NN')",812,3,1,3.509671762564513,0.001231273156749645,0.3332303725179852
"('renewed', 'JJ')","('sense', 'NN')",2028,3,1,3.1121598411443894,0.000492842670884108,0.3330759947726544
