HeadWord,CollocateWord,R1,C1,O_11,MutualInfo,DeltaP1,DeltaP2
"('renewable', 'JJ')","('source', 'NN')",2423,49,16,5.434159500327104,0.006599193419239281,0.3262250288542122
"('renewable', 'JJ')","('energy', 'NN')",2429,49,13,5.162555508612216,0.005347424904600886,0.26499939645317705
"('renewable', 'JJ')","('resource', 'NN')",1919,49,8,4.632347952737196,0.004163631499287934,0.16302269296931207
"('renewable', 'JJ')","('counterpart', 'NN')",131,49,1,3.0888816708410722,0.007627493828862652,0.02039165896917436
"('renewable', 'JJ')","('conservation', 'NN')",379,49,1,2.627513756528764,0.002632428278166732,0.020360173850399923
