HeadWord,CollocateWord,R1,C1,O_11,MutualInfo,DeltaP1,DeltaP2
"('supporting', 'JJ')","('sector', 'NN')",1209,4,1,3.211862754336616,0.000826748934917247,0.24984663787826045
"('supporting', 'JJ')","('application', 'NN')",1340,4,1,3.1671842568325803,0.0007458877259094516,0.24983000672101882
"('supporting', 'JJ')","('structure', 'NN')",3568,4,1,2.7418642094933023,0.00027988801969141896,0.2495471500925124
