HeadWord,CollocateWord,R1,C1,O_11,MutualInfo,DeltaP1,DeltaP2
"('transferable', 'JJ')","('skill', 'NN')",1339,18,6,4.848749715560966,0.004479432214232229,0.3331641014859563
"('transferable', 'JJ')","('infection', 'NN')",636,18,1,2.8376194257736302,0.0015701686290635326,0.05547493873403688
"('transferable', 'JJ')","('meaning', 'NN')",1546,18,1,2.451867051839738,0.0006446718660301714,0.05535940911579752
"('transferable', 'JJ')","('argument', 'NN')",2195,18,1,2.299642016843904,0.0004534220233221852,0.0552770149155367
