HeadWord,CollocateWord,R1,C1,O_11,MutualInfo,DeltaP1,DeltaP2
"('unintended', 'JJ')","('consequence', 'NN')",986,14,5,4.853254108913958,0.005069851173752425,0.3570183137385286
"('unintended', 'JJ')","('capture', 'NN')",35,14,1,4.206152966496837,0.02856977814474884,0.07142425493953251
"('unintended', 'JJ')","('accelerator', 'NN')",45,14,1,4.097008497071768,0.022220571793447174,0.07142298538393284
"('unintended', 'JJ')","('error', 'NN')",2206,14,3,3.8379792669019275,0.0013585305706367515,0.21400603118710484
"('unintended', 'JJ')","('result', 'NN')",6612,14,1,1.9298881659477023,0.00014958836346957804,0.0705892682216232
