HeadWord,CollocateWord,R1,C1,O_11,MutualInfo,DeltaP1,DeltaP2
"('appropriate', 'JJ')","('seem', 'VB')",4073,1341,27,2.2763974496188832,0.00646211476373269,0.019620479441023256
"('appropriate', 'JJ')","('be', 'VB')",285574,1341,269,1.8051938935474139,0.0008007465818102369,0.16436941049689363
"('appropriate', 'JJ')","('deem', 'VB')",324,1341,7,1.7776411617689516,0.021435572889025804,0.005179733392043083
"('appropriate', 'JJ')","('make', 'VB')",11834,1341,5,0.2759244958905143,0.0002526438739692792,0.002226550412951607
"('appropriate', 'JJ')","('learn', 'VB')",1596,1341,1,0.0,0.00045641179119930273,0.0005431839170212645
"('appropriate', 'JJ')","('act', 'VB')",1419,1341,1,0.0,0.0005345708343629318,0.0005656588374860764
"('appropriate', 'JJ')","('find', 'VB')",7310,1341,1,-0.0,-3.347926793164323e-05,-0.00018236238544164392
