HeadWord,CollocateWord,R1,C1,O_11,MutualInfo,DeltaP1,DeltaP2
"('evident', 'JJ')","('be', 'VB')",285574,572,412,3.3944806260151954,0.0014216313665589757,0.6840742540493716
"('evident', 'JJ')","('become', 'VB')",5566,572,28,2.663592542127045,0.004961430040851563,0.0482479192493928
"('evident', 'JJ')","('seem', 'VB')",4073,572,12,1.735560705627969,0.0028750995104754175,0.02046341792405066
"('evident', 'JJ')","('make', 'VB')",11834,572,7,0.7698162779807848,0.0005196782788512126,0.010736152454178399
"('evident', 'JJ')","('suggest', 'VB')",4887,572,1,0.0,0.00013208801424715563,0.0011279029359924572
"('evident', 'JJ')","('exceed', 'VB')",306,572,1,0.0,0.00319547954402909,0.0017095275591934012
"('evident', 'JJ')","('present', 'VB')",2044,572,1,0.0,0.00041672647852277834,0.0014888631638379677
