HeadWord,CollocateWord,R1,C1,O_11,MutualInfo,DeltaP1,DeltaP2
"('involved', 'JJ')","('become', 'VB')",5566,108,39,4.309313678129863,0.006998061052434029,0.3604094193573032
"('involved', 'JJ')","('feel', 'VB')",2654,108,12,2.7176002772391294,0.0045092851958252,0.11077569051882588
"('involved', 'JJ')","('be', 'VB')",285574,108,24,1.0868029934183938,7.29758375541866e-05,0.18596962944135698
"('involved', 'JJ')","('get', 'VB')",2412,108,2,0.536308412568056,0.0008157260088177855,0.018212551967645166
"('involved', 'JJ')","('remain', 'VB')",2472,108,1,0.0,0.00039094225904121564,0.008945548326807787
