HeadWord,CollocateWord,R1,C1,O_11,MutualInfo,DeltaP1,DeltaP2
"('obvious', 'JJ')","('be', 'VB')",285574,635,208,2.215883083463899,0.0006721083711681433,0.29132739831010845
"('obvious', 'JJ')","('become', 'VB')",5566,635,19,2.0802580976692755,0.00333532267804592,0.02921698182651923
"('obvious', 'JJ')","('seem', 'VB')",4073,635,12,1.6865899465774596,0.0028670971864989177,0.018382030616083622
"('obvious', 'JJ')","('make', 'VB')",11834,635,8,0.834034076209262,0.000596297486237664,0.011096930367713673
