HeadWord,CollocateWord,R1,C1,O_11,MutualInfo,DeltaP1,DeltaP2
"('plausible', 'JJ')","('seem', 'VB')",4073,149,16,2.7903895382318065,0.0039114145771457194,0.10686748280103765
"('plausible', 'JJ')","('be', 'VB')",285574,149,54,1.7321128924428355,0.00017657837390664782,0.3261671346293309
"('plausible', 'JJ')","('make', 'VB')",11834,149,3,0.5377883997408737,0.00023494347646590318,0.01863219121452587
"('plausible', 'JJ')","('look', 'VB')",3154,149,1,0.0,0.000298260788415717,0.006311111654690929
