HeadWord,CollocateWord,R1,C1,O_11,MutualInfo,DeltaP1,DeltaP2
"('useful', 'JJ')","('be', 'VB')",285574,1314,668,3.2394860730167534,0.002254050121299964,0.4721950136865455
"('useful', 'JJ')","('prove', 'VB')",1673,1314,32,3.0997174830915903,0.018964524883578422,0.024144751780028315
"('useful', 'JJ')","('find', 'VB')",7310,1314,21,1.6343365624643584,0.002708471287643757,0.01505620333137583
"('useful', 'JJ')","('become', 'VB')",5566,1314,11,1.11804248223323,0.0018107448084271741,0.0076660305348055435
"('useful', 'JJ')","('make', 'VB')",11834,1314,8,0.548818715511491,0.0005099651093839973,0.004586655777284307
"('useful', 'JJ')","('provide', 'VB')",6534,1314,1,-0.0,-1.3785136837451707e-05,-6.85025743910843e-05
"('useful', 'JJ')","('examine', 'VB')",1577,1314,1,0.0,0.0004673896751223285,0.0005609200176770483
