HeadWord,CollocateWord,R1,C1,O_11,MutualInfo,DeltaP1,DeltaP2
"('apparent', 'JJ')","('become', 'VB')",5566,662,110,12.548074076926124,0.01969271694983515,0.16547041547009902
"('apparent', 'JJ')","('seem', 'VB')",4073,662,11,11.667102697482914,0.0026180213248019665,0.016100578286654937
"('apparent', 'JJ')","('be', 'VB')",285574,662,231,11.207917721331102,0.0007521209910034323,0.31271373739233127
"('apparent', 'JJ')","('make', 'VB')",11834,662,10,11.204258979130756,0.0007621233904192753,0.013604494136894772
"('apparent', 'JJ')","('remain', 'VB')",2472,662,2,11.105960999195391,0.0007252446634868436,0.0027075420036417963
