HeadWord,CollocateWord,R1,C1,O_11,MutualInfo,DeltaP1,DeltaP2
"('aware', 'JJ')","('become', 'VB')",5566,731,73,12.365219162482374,0.013031747473386179,0.09916577071839718
"('aware', 'JJ')","('make', 'VB')",11834,731,67,12.027942305436213,0.005577227683138634,0.09016124468717192
"('aware', 'JJ')","('be', 'VB')",285574,731,545,11.58059756538026,0.0018839350263090873,0.7093647250562983
"('aware', 'JJ')","('remain', 'VB')",2472,731,4,11.397533048328121,0.0015257974744516771,0.005158601378554943
"('aware', 'JJ')","('stay', 'VB')",455,731,1,11.226945306635738,0.0021051194499593254,0.0013103459847783744
