HeadWord,CollocateWord,R1,C1,O_11,MutualInfo,DeltaP1,DeltaP2
"('evident', 'JJ')","('become', 'VB')",5566,572,28,11.960161142910398,0.004961430040851563,0.0482479192493928
"('evident', 'JJ')","('seem', 'VB')",4073,572,12,11.713225523381945,0.0028750995104754175,0.02046341792405066
"('evident', 'JJ')","('be', 'VB')",285574,572,412,11.459339532359818,0.0014216313665589757,0.6840742540493716
"('evident', 'JJ')","('exceed', 'VB')",306,572,1,11.357535479757878,0.00319547954402909,0.0017095275591934012
"('evident', 'JJ')","('make', 'VB')",11834,572,7,11.05249625884929,0.0005196782788512126,0.010736152454178399
"('evident', 'JJ')","('present', 'VB')",2044,572,1,10.883392256011751,0.00041672647852277834,0.0014888631638379677
"('evident', 'JJ')","('suggest', 'VB')",4887,572,1,10.56391690135802,0.00013208801424715563,0.0011279029359924572
