HeadWord,CollocateWord,R1,C1,O_11,MutualInfo,DeltaP1,DeltaP2
"('involved', 'JJ')","('become', 'VB')",5566,108,39,12.138205271230646,0.006998061052434029,0.3604094193573032
"('involved', 'JJ')","('feel', 'VB')",2654,108,12,11.938987567468994,0.0045092851958252,0.11077569051882588
"('involved', 'JJ')","('get', 'VB')",2412,108,2,11.200659450546418,0.0008157260088177855,0.018212551967645166
"('involved', 'JJ')","('remain', 'VB')",2472,108,1,10.889410289700752,0.00039094225904121564,0.008945548326807787
"('involved', 'JJ')","('be', 'VB')",285574,108,24,10.22535835977528,7.29758375541866e-05,0.18596962944135698
