HeadWord,CollocateWord,R1,C1,O_11,MutualInfo,DeltaP1,DeltaP2
"('obvious', 'JJ')","('become', 'VB')",5566,635,19,11.78732186526986,0.00333532267804592,0.02921698182651923
"('obvious', 'JJ')","('seem', 'VB')",4073,635,12,11.707374787540209,0.0028670971864989177,0.018382030616083622
"('obvious', 'JJ')","('be', 'VB')",285574,635,208,11.162410044358534,0.0006721083711681433,0.29132739831010845
"('obvious', 'JJ')","('make', 'VB')",11834,635,8,11.10828835771759,0.000596297486237664,0.011096930367713673
