HeadWord,CollocateWord,R1,C1,O_11,MutualInfo,DeltaP1,DeltaP2
"('relevant', 'JJ')","('be', 'VB')",285574,1105,254,11.24846783139935,0.0007773334023871591,0.19363627514010207
"('relevant', 'JJ')","('make', 'VB')",11834,1105,9,11.143371792237692,0.000621168126054981,0.006643338918824609
"('relevant', 'JJ')","('think', 'VB')",2406,1105,2,11.056629161862611,0.0006911806751922732,0.0015047113061516701
"('relevant', 'JJ')","('note', 'VB')",1616,1105,1,10.866301453884224,0.0004786244312664029,0.0006999157434350054
"('relevant', 'JJ')","('come', 'VB')",3070,1105,1,10.68037351584436,0.00018551956138146398,0.0005152967879440452
"('relevant', 'JJ')","('give', 'VB')",8228,1105,1,10.331008729835615,-1.876903254648647e-05,-0.00013963070340559177
