HeadWord,CollocateWord,R1,C1,O_11,MutualInfo,DeltaP1,DeltaP2
"('unclear', 'JJ')","('remain', 'VB')",2472,175,27,12.309639818521621,0.0109035348090153,0.1539753015968053
"('unclear', 'JJ')","('be', 'VB')",285574,175,121,10.927830646756478,0.0004165945520508804,0.6551879852170649
