HeadWord,CollocateWord,R1,C1,O_11,MutualInfo,DeltaP1,DeltaP2
"('unlikely', 'JJ')","('seem', 'VB')",4073,506,36,12.19656185290357,0.008778993960181244,0.0706336934486297
"('unlikely', 'JJ')","('render', 'VB')",297,506,2,11.697344446049282,0.006670018832798467,0.0039151149402987554
"('unlikely', 'JJ')","('be', 'VB')",285574,506,375,11.418573766275877,0.0012958879576628211,0.7048968588750723
"('unlikely', 'JJ')","('believe', 'VB')",2827,506,2,11.079224677667433,0.0006434552811742171,0.003593897309640628
"('unlikely', 'JJ')","('leave', 'VB')",2120,506,1,10.881735273910522,0.00040756840916676625,0.0017072489488677576
