HeadWord,CollocateWord,R1,C1,O_11,MutualInfo,DeltaP1,DeltaP2
"('visible', 'JJ')","('become', 'VB')",5566,359,15,11.70443290003752,0.002651230007602173,0.041077968623325835
"('visible', 'JJ')","('convert', 'VB')",452,359,1,11.392009141452824,0.0021669367625998396,0.0027282558548431196
"('visible', 'JJ')","('make', 'VB')",11834,359,14,11.3610474575409,0.0011391664484684465,0.03749653403655261
"('visible', 'JJ')","('reveal', 'VB')",933,359,1,11.189767482004916,0.0010263559673529305,0.00266718755572729
"('visible', 'JJ')","('be', 'VB')",285574,359,150,11.020856973825307,0.0004977260661336028,0.3815895471003749
