HeadWord,CollocateWord,R1,C1,O_11,MutualInfo,DeltaP1,DeltaP2
"('widespread', 'JJ')","('become', 'VB')",5566,249,6,11.314631526983158,0.001047101448590606,0.023390491568713083
"('widespread', 'JJ')","('be', 'VB')",285574,249,52,10.560936166029352,0.0001561383456459938,0.17258565447895322
