HeadWord,CollocateWord,R1,C1,O_11,MutualInfo,DeltaP1,DeltaP2
"('emission', 'NN')","('sequester', 'VB')",3,172,1,12.057991946977687,0.33331162396289615,0.005813699572158857
"('emission', 'NN')","('reduce', 'VB')",3486,172,12,11.81696754057121,0.003422018944482467,0.06932638939807455
"('emission', 'NN')","('tackle', 'VB')",209,172,1,11.720105019988361,0.004762979057002303,0.005787546202195571
"('emission', 'NN')","('absorb', 'VB')",336,172,1,11.595166283380062,0.002954480187926093,0.005771422522655098
"('emission', 'NN')","('cut', 'VB')",495,172,1,11.476904161747433,0.001998491293668427,0.005751236183702853
"('emission', 'NN')","('control', 'VB')",1545,172,2,11.367289696167045,0.0012729117409094636,0.011432010618232775
"('emission', 'NN')","('receive', 'VB')",1521,172,1,11.072373037555046,0.0006357486408878086,0.005620977166312893
"('emission', 'NN')","('create', 'VB')",4042,172,2,10.977365460055882,0.0004732110645945099,0.011114996226007891
"('emission', 'NN')","('improve', 'VB')",2025,172,1,10.95919993874347,0.0004721122157482025,0.005556990280577475
