HeadWord,CollocateWord,R1,C1,O_11,MutualInfo,DeltaP1,DeltaP2
"('methodology', 'NN')","('develop', 'VB')",3895,348,7,11.518455003911622,0.0017538626795099385,0.0196213183803579
"('methodology', 'NN')","('use', 'VB')",18363,348,24,11.409144238604792,0.0012657463381137357,0.06663718049829824
"('methodology', 'NN')","('establish', 'VB')",2091,348,2,11.214848191014232,0.0009125419433664817,0.005481905025783389
"('methodology', 'NN')","('determine', 'VB')",2668,348,1,10.821598658466245,0.0003307441659757509,0.002534958382042191
"('methodology', 'NN')","('provide', 'VB')",6534,348,2,10.764345323043052,0.00026212820103721507,0.004917817553756059
"('methodology', 'NN')","('have', 'VB')",57088,348,2,9.842875804495131,-9.213600790292124e-06,-0.0015005659845895745
