HeadWord,CollocateWord,R1,C1,O_11,MutualInfo,DeltaP1,DeltaP2
"('precedence', 'NN')","('take', 'VB')",8391,38,19,11.654007542780064,0.0022619161069375865,0.4989371248134382
"('precedence', 'NN')","('gain', 'VB')",1532,38,2,11.40616033891873,0.0013009117475911544,0.05243733634877316
"('precedence', 'NN')","('decide', 'VB')",1358,38,1,11.156144577376839,0.0007316788676795298,0.026143510253884363
