HeadWord,CollocateWord,R1,C1,O_11,MutualInfo,DeltaP1,DeltaP2
"('unchanged', 'JJ')","('remain', 'VB')",2472,64,40,6.321379547730647,0.016178181888910553,0.6246912421182315
"('unchanged', 'JJ')","('be', 'VB')",285574,64,12,2.794280291471749,3.5170606073930745e-05,0.15124608625263147
"('unchanged', 'JJ')","('leave', 'VB')",2120,64,5,2.2283645892602926,0.0023509981847735653,0.07785648728620866
"('unchanged', 'JJ')","('keep', 'VB')",1737,64,1,0.9858866293942733,0.0005677052886951423,0.015404603748869136
