HeadWord,CollocateWord,R1,C1,O_11,MutualInfo,DeltaP1,DeltaP2
"('useful', 'JJ')","('be', 'VB')",285574,1314,668,24.002477757517042,0.002254050121299964,0.4721950136865455
"('useful', 'JJ')","('prove', 'VB')",1673,1314,32,5.607517870624413,0.018964524883578422,0.024144751780028315
"('useful', 'JJ')","('find', 'VB')",7310,1314,21,4.3164700739831,0.002708471287643757,0.01505620333137583
"('useful', 'JJ')","('become', 'VB')",5566,1314,11,3.0366665996529156,0.0018107448084271741,0.0076660305348055435
"('useful', 'JJ')","('make', 'VB')",11834,1314,8,2.130463338107201,0.0005099651093839973,0.004586655777284307
"('useful', 'JJ')","('examine', 'VB')",1577,1314,1,0.7369259492386869,0.0004673896751223285,0.0005609200176770483
"('useful', 'JJ')","('provide', 'VB')",6534,1314,1,-0.08999736694636629,-1.3785136837451707e-05,-6.85025743910843e-05
