HeadWord,CollocateWord,R1,C1,O_11,MutualInfo,DeltaP1,DeltaP2
"('widespread', 'JJ')","('be', 'VB')",285574,249,52,5.9592093134651005,0.0001561383456459938,0.17258565447895322
"('widespread', 'JJ')","('become', 'VB')",5566,249,6,2.377657756209499,0.001047101448590606,0.023390491568713083
