HeadWord,CollocateWord,R1,C1,O_11,MutualInfo,DeltaP1,DeltaP2
"('chemical', 'JJ')","('route', 'NN')",373,130,1,1.5479902429495025,0.0026645871337557313,0.007645079528477763
"('chemical', 'JJ')","('energy', 'NN')",2429,130,1,1.0923077804714945,0.0003953097643354178,0.007384055053116645
"('chemical', 'JJ')","('nature', 'NN')",3158,130,1,1.0284763983858933,0.000300272304658769,0.007291503086901541
