HeadWord,CollocateWord,R1,C1,O_11,MutualInfo,DeltaP1,DeltaP2
"('compelling', 'JJ')","('evidence', 'NN')",3405,39,10,5.772973701020026,0.002933174265486608,0.2559792409161698
"('compelling', 'JJ')","('argument', 'NN')",2195,39,4,3.351216737786575,0.001817878787129221,0.10228594204936214
"('compelling', 'JJ')","('passion', 'NN')",147,39,1,2.0672615786603776,0.006797896695696288,0.025622490070440474
"('compelling', 'JJ')","('insight', 'NN')",387,39,1,1.8318411457087664,0.002579154788423292,0.02559202063934157
"('compelling', 'JJ')","('demand', 'NN')",2039,39,1,1.4276856396835984,0.0004856109366189179,0.025382289388610778
"('compelling', 'JJ')","('analysis', 'NN')",3846,39,1,1.2733540893739785,0.000255183740997807,0.025152879963628614
"('compelling', 'JJ')","('factor', 'NN')",4436,39,1,1.238644025132168,0.00022060129263988716,0.025077975945510474
