HeadWord,CollocateWord,R1,C1,O_11,MutualInfo,DeltaP1,DeltaP2
"('existing', 'JJ')","('method', 'NN')",4642,29,5,3.7139273182881496,0.0010740732054840487,0.1718250990508071
"('existing', 'JJ')","('recognition', 'NN')",453,29,1,1.865597594103595,0.0022039505649547085,0.03442537459830582
