HeadWord,CollocateWord,R1,C1,O_11,MutualInfo,DeltaP1,DeltaP2
"('migrant', 'JJ')","('pool', 'NN')",115,18,3,3.736575780527355,0.02608505216392096,0.1666524476367295
"('migrant', 'JJ')","('woman', 'NN')",6159,18,3,2.768440856834835,0.00048518624018966603,0.16588512784262105
"('migrant', 'JJ')","('help', 'NN')",441,18,1,1.9881172530943556,0.002265415334620839,0.05549969508080246
"('migrant', 'JJ')","('nation', 'NN')",1203,18,1,1.7440541118860318,0.0008290966249889731,0.055402954894980046
"('migrant', 'JJ')","('population', 'NN')",2470,18,1,1.5690925693709319,0.00040269938191899053,0.055242102118816014
"('migrant', 'JJ')","('culture', 'NN')",2869,18,1,1.5326737561785857,0.0003463944758863462,0.05519144682466491
"('migrant', 'JJ')","('society', 'NN')",4450,18,1,1.4259212570470232,0.00022255964045016897,0.05499072998242708
