HeadWord,CollocateWord,R1,C1,O_11,MutualInfo,DeltaP1,DeltaP2
"('pioneering', 'JJ')","('work', 'NN')",4080,16,3,2.8972422923655783,0.0007336428429773327,0.18698240205058672
"('pioneering', 'JJ')","('study', 'NN')",4264,16,2,2.280681038711998,0.00046726481460871377,0.12445891526602909
"('pioneering', 'JJ')","('psychologist', 'NN')",178,16,1,2.237413074473898,0.005616073155039965,0.06247752886018
"('pioneering', 'JJ')","('venture', 'NN')",209,16,1,2.198366355544688,0.00478278461467031,0.062473593236821695
"('pioneering', 'JJ')","('example', 'NN')",6267,16,2,2.187025239450383,0.0003173531711284138,0.12420462321484568
"('pioneering', 'JJ')","('attempt', 'NN')",988,16,1,1.8205843867978067,0.0010102411800794085,0.06237469483049524
"('pioneering', 'JJ')","('event', 'NN')",1616,16,1,1.700921116161281,0.000616907160401139,0.062294966718591506
"('pioneering', 'JJ')","('strategy', 'NN')",2565,16,1,1.5885593488760907,0.0003879585974146252,0.062174485861590474
