HeadWord,CollocateWord,R1,C1,O_11,MutualInfo,DeltaP1,DeltaP2
"('unintended', 'JJ')","('consequence', 'NN')",986,14,5,4.267822300991816,0.005069851173752425,0.3570183137385286
"('unintended', 'JJ')","('error', 'NN')",2206,14,3,3.0792683894650796,0.0013585305706367515,0.21400603118710484
"('unintended', 'JJ')","('capture', 'NN')",35,14,1,2.6654456612382287,0.02856977814474884,0.07142425493953251
"('unintended', 'JJ')","('accelerator', 'NN')",45,14,1,2.6043247583601907,0.022220571793447174,0.07142298538393284
"('unintended', 'JJ')","('result', 'NN')",6612,14,1,1.3907373729307135,0.00014958836346957804,0.0705892682216232
