HeadWord,CollocateWord,R1,C1,O_11,MutualInfo,DeltaP1,DeltaP2
"('unskilled', 'JJ')","('worker', 'NN')",1467,38,8,5.20126696634301,0.005449496697303173,0.2103410870631008
"('unskilled', 'JJ')","('job', 'NN')",1195,38,5,3.9782202322741664,0.004179910256681227,0.13142786979173585
"('unskilled', 'JJ')","('labor', 'NN')",2172,38,3,2.840198860164402,0.0013767708073098121,0.07867200097245582
"('unskilled', 'JJ')","('reader', 'NN')",1316,38,2,2.3562237466686264,0.0015151856831525311,0.05246475883328073
"('unskilled', 'JJ')","('work', 'NN')",4080,38,2,2.0810373533339384,0.0004856233178075159,0.05211385259634132
"('unskilled', 'JJ')","('reading', 'NN')",928,38,1,1.62544978526622,0.0010728883060456221,0.026198101311005906
"('unskilled', 'JJ')","('staff', 'NN')",1343,38,1,1.5355540848543021,0.0007399034897146826,0.026145414593086277
"('unskilled', 'JJ')","('act', 'NN')",1874,38,1,1.4545256834797973,0.0005289194643605364,0.026078000985338513
"('unskilled', 'JJ')","('type', 'NN')",3188,38,1,1.3253063968233008,0.0003089770367587998,0.02591118087125082
