HeadWord,CollocateWord,R1,C1,O_11,MutualInfo,DeltaP1,DeltaP2
"('written', 'JJ')","('word', 'NN')",3110,10,4,3.5974704336301446,0.0012854116005603198,0.3996056762309859
"('written', 'JJ')","('consent', 'NN')",286,10,2,3.0521208802174207,0.006991991313453892,0.19996394463927883
"('written', 'JJ')","('commentary', 'NN')",165,10,1,2.3701644572944085,0.006059463438661955,0.09997917929873848
"('written', 'JJ')","('form', 'NN')",4450,10,1,1.5688738599048746,0.00022357585723766383,0.09943517500053321
"('written', 'JJ')","('law', 'NN')",4711,10,1,1.5550121276807856,0.00021112587550106628,0.09940203961620847
