HeadWord,CollocateWord,R1,C1,O_11,MutualInfo,DeltaP1,DeltaP2
"('coverage', 'NN')","('receive', 'VB')",1521,194,11,4.5505961580168,0.007208846841877017,0.05650932365138859
"('coverage', 'NN')","('prefer', 'VB')",438,194,3,3.3984369702500117,0.006825065251192036,0.015408690595141269
"('coverage', 'NN')","('like', 'VB')",418,194,1,1.987371034820089,0.0023678408177389646,0.0051016974969278145
"('coverage', 'NN')","('record', 'VB')",786,194,1,1.7131247705557164,0.0012477598062591026,0.005054976783197816
"('coverage', 'NN')","('have', 'VB')",57088,194,4,1.6581824622190011,4.576965103444001e-05,0.013371259900587283
"('coverage', 'NN')","('ensure', 'VB')",1983,194,1,1.3112246023898217,0.0004797778850842054,0.004903007505114096
"('coverage', 'NN')","('create', 'VB')",4042,194,1,1.001951007415839,0.00022288731664080782,0.004641600033456303
"('coverage', 'NN')","('show', 'VB')",9078,194,1,0.6505571381882939,8.562577100729405e-05,0.004002237222738165
