HeadWord,CollocateWord,R1,C1,O_11,MutualInfo,DeltaP1,DeltaP2
"('data', 'NN')","('process', 'VB')",404,620,3,2.9289397560754784,0.007347407115159581,0.004787796580869587
"('data', 'NN')","('analyze', 'VB')",1638,620,3,2.3210072237616837,0.0017531540975925766,0.004631121366050601
"('data', 'NN')","('send', 'VB')",758,620,2,2.1273781383869865,0.002560056479884327,0.0031298206636038643
"('data', 'NN')","('use', 'VB')",18363,620,4,1.6461936967921336,0.00013944210213675097,0.0041206564454772015
