HeadWord,CollocateWord,R1,C1,O_11,MutualInfo,DeltaP1,DeltaP2
"('guidance', 'NN')","('provide', 'VB')",6534,165,22,4.890954014638644,0.003348833681966598,0.1325065828777763
"('guidance', 'NN')","('offer', 'VB')",1836,165,6,3.749446176597151,0.0032477832518243606,0.03613130323500163
"('guidance', 'NN')","('revise', 'VB')",115,165,1,2.6181672619578324,0.008674831195101056,0.006046132849314061
"('guidance', 'NN')","('seek', 'VB')",1188,165,2,2.507138648658213,0.0016628048424491056,0.011970639940577812
"('guidance', 'NN')","('request', 'VB')",155,165,1,2.4885334041411524,0.006430791818678365,0.006041054529562482
"('guidance', 'NN')","('assert', 'VB')",462,165,1,2.0142231267553186,0.0021436802683993633,0.006002078425469116
"('guidance', 'NN')","('contribute', 'VB')",1068,165,1,1.6502938496189063,0.0009155060897637742,0.005925141881232697
"('guidance', 'NN')","('draw', 'VB')",1309,165,1,1.561925455760688,0.0007431178049347665,0.005894545004729435
"('guidance', 'NN')","('get', 'VB')",2412,165,1,1.2964877988433303,0.0003937666457650183,0.005754510337579651
