HeadWord,CollocateWord,R1,C1,O_11,MutualInfo,DeltaP1,DeltaP2
"('survey', 'NN')","('conduct', 'VB')",850,537,30,5.668319599270489,0.03522974434590452,0.05576181131583386
"('survey', 'NN')","('carry', 'VB')",2167,537,24,4.971149574640794,0.011010073188077793,0.04442065359939993
"('survey', 'NN')","('outsource', 'VB')",53,537,1,2.4420988912250055,0.01879987601123269,0.0018555952654388534
"('survey', 'NN')","('report', 'VB')",876,537,2,2.1269606416496574,0.002215176364428402,0.0036134282585066836
"('survey', 'NN')","('trace', 'VB')",144,537,1,2.008012268730545,0.006876395141200752,0.00184404154234046
"('survey', 'NN')","('assess', 'VB')",891,537,1,1.21649705678892,0.0010542786981951463,0.001749199441741558
"('survey', 'NN')","('keep', 'VB')",1737,537,1,0.9265749423786962,0.0005076421703577199,0.0016417879061235245
"('survey', 'NN')","('compare', 'VB')",2860,537,1,0.7100087276967517,0.00028157757375685,0.0014992073452499413
"('survey', 'NN')","('provide', 'VB')",6534,537,1,0.3511956306863762,8.494105388680971e-05,0.0010327416456510584
