HeadWord,CollocateWord,R1,C1,O_11,MutualInfo,DeltaP1,DeltaP2
"('recent', 'JJ')","('fairly', 'RB')",538,1120,6,2.418259480858847,0.011010978453957048,0.005289593014374004
"('recent', 'JJ')","('relatively', 'RB')",1175,1120,6,2.3812823863499273,0.004964933635935905,0.00520871096579551
"('recent', 'JJ')","('very', 'RB')",5556,1120,6,2.1269705322783747,0.0009383855356951315,0.00465244055006178
"('recent', 'JJ')","('comparatively', 'RB')",103,1120,1,0.9853544326328023,0.009566672987276101,0.0008799058572134906
"('recent', 'JJ')","('too', 'RB')",2052,1120,1,0.7082261724515557,0.0003452293967791146,0.0006324347227088024
"('recent', 'JJ')","('as', 'RB')",6170,1120,1,0.12268785771252388,1.9900167944529915e-05,0.00010955830819350928
"('recent', 'JJ')","('only', 'RB')",8848,1120,1,-0.2580968938346173,-2.9202886563691678e-05,-0.00023047642664669342
