HeadWord,CollocateWord,R1,C1,O_11,MutualInfo,DeltaP1,DeltaP2
"('striking', 'JJ')","('very', 'RB')",5556,74,3,1.7019148994617255,0.00053093661220226,0.0398355509458975
"('striking', 'JJ')","('quite', 'RB')",1028,74,2,1.4073845045494568,0.001936383314637519,0.02689676963028585
"('striking', 'JJ')","('particularly', 'RB')",1609,74,2,1.403524891129677,0.00123386542790164,0.026823007888076664
"('striking', 'JJ')","('rather', 'RB')",3172,74,1,0.9702000282856484,0.00030598703893072553,0.013110934366275428
"('striking', 'JJ')","('however', 'RB')",12129,74,1,0.8860517475020904,7.316499552310156e-05,0.0119737847535944
