HeadWord,CollocateWord,R1,C1,O_11,MutualInfo,DeltaP1,DeltaP2
"('variable', 'JJ')","('highly', 'RB')",1242,378,8,2.8073544649580264,0.006394242950953523,0.02100735076299572
"('variable', 'JJ')","('very', 'RB')",5556,378,4,1.86668623471553,0.0006724275943429078,0.00987712073882318
"('variable', 'JJ')","('extremely', 'RB')",709,378,2,1.3901547607792015,0.0027731349682853404,0.005201243562054734
"('variable', 'JJ')","('infinitely', 'RB')",62,378,1,0.9970246747848679,0.016081169720288658,0.0026377579984503343
"('variable', 'JJ')","('linearly', 'RB')",82,378,1,0.9960648924574058,0.0121472592919143,0.002635218769908593
"('variable', 'JJ')","('culturally', 'RB')",116,378,1,0.9944332625007205,0.008572826789265882,0.0026309020813876324
"('variable', 'JJ')","('essentially', 'RB')",494,378,1,0.9762933765116889,0.001976426335028474,0.0025829106619487206
"('variable', 'JJ')","('quite', 'RB')",1028,378,1,0.9506671883684539,0.0009248942375656386,0.0025151132598842264
