HeadWord,CollocateWord,R1,C1,O_11,MutualInfo,DeltaP1,DeltaP2
"('municipal', 'JJ')","('waste', 'NN')",369,17,3,2.9325572076762993,0.008128303842864807,0.1764241224826486
"('municipal', 'JJ')","('assistance', 'NN')",205,17,1,2.1883219078911402,0.004876017442271389,0.05879763046766719
"('municipal', 'JJ')","('supply', 'NN')",1095,17,1,1.780832163343726,0.000911210441362684,0.058684639976261395
"('municipal', 'JJ')","('authority', 'NN')",1396,17,1,1.7217682358415634,0.0007143007328065703,0.05864642633815673
"('municipal', 'JJ')","('strategy', 'NN')",2565,17,1,1.5738151431915754,0.0003878316007250479,0.058498015232029334
"('municipal', 'JJ')","('management', 'NN')",2987,17,1,1.536772345424051,0.0003327520083421366,0.05844443996531782
"('municipal', 'JJ')","('system', 'NN')",8354,17,1,1.2866431663620654,0.00011766969423525219,0.057763069215458325
