HeadWord,CollocateWord,R1,C1,O_11,MutualInfo,DeltaP1,DeltaP2
"('paramount', 'JJ')","('importance', 'NN')",1727,82,17,6.936387395653371,0.00983540561877301,0.20709997728900248
"('paramount', 'JJ')","('theme', 'NN')",650,82,3,2.412176131642327,0.004605354316263321,0.03650322489723819
"('paramount', 'JJ')","('goal', 'NN')",1019,82,2,1.8942189632475457,0.0019525507969551188,0.024261128983305336
"('paramount', 'JJ')","('concern', 'NN')",1229,82,2,1.8486474518747298,0.0016171812885631492,0.02423446808554912
"('paramount', 'JJ')","('consideration', 'NN')",1129,82,1,1.3907111012413331,0.0008754547363249361,0.012051914843271823
"('paramount', 'JJ')","('feature', 'NN')",1697,82,1,1.2915978770214165,0.0005789895934723071,0.01197980346267405
"('paramount', 'JJ')","('end', 'NN')",2378,82,1,1.209541072561018,0.00041023495902544097,0.011893345979950311
"('paramount', 'JJ')","('position', 'NN')",2398,82,1,1.2075041686121302,0.0004067276647872898,0.011890806846830672
