HeadWord,CollocateWord,R1,C1,O_11,MutualInfo,DeltaP1,DeltaP2
"('revised', 'JJ')","('version', 'NN')",505,5,2,2.745265889451405,0.003960015149181184,0.39993614142630096
"('revised', 'JJ')","('method', 'NN')",4642,5,1,1.7271773873988825,0.0002149162652540914,0.19941079991940872
