HeadWord,CollocateWord,R1,C1,O_11,MutualInfo,DeltaP1,DeltaP2
"('schematic', 'JJ')","('diagram', 'NN')",552,36,14,6.436771882075977,0.02535952562747812,0.3888205866068563
"('schematic', 'JJ')","('representation', 'NN')",687,36,3,2.598918195514178,0.004362622335606391,0.0832464954877752
"('schematic', 'JJ')","('sketch', 'NN')",59,36,1,2.3087489391049143,0.01694470907238846,0.027770414334733373
"('schematic', 'JJ')","('structure', 'NN')",3568,36,3,2.1982560546732386,0.0008366157502378954,0.08288073549793167
"('schematic', 'JJ')","('drawing', 'NN')",119,36,1,2.138119767244698,0.008398917840705547,0.027762796979859852
"('schematic', 'JJ')","('symbol', 'NN')",345,36,1,1.879247372383482,0.0028941070933072364,0.027734104943169594
"('schematic', 'JJ')","('knowledge', 'NN')",2601,36,2,1.8665242659666559,0.0007646171178038033,0.05522559713361757
"('schematic', 'JJ')","('form', 'NN')",4450,36,2,1.735921257047023,0.00044511928090033793,0.05499085564759859
"('schematic', 'JJ')","('figure', 'NN')",3595,36,1,1.3092346845819305,0.00027371865119752244,0.027321498220853918
