HeadWord,CollocateWord,R1,C1,O_11,MutualInfo,DeltaP1,DeltaP2
"('striking', 'JJ')","('very', 'RB')",5556,74,3,2.449682558177159,0.00053093661220226,0.0398355509458975
"('striking', 'JJ')","('quite', 'RB')",1028,74,2,2.254199951511154,0.001936383314637519,0.02689676963028585
"('striking', 'JJ')","('particularly', 'RB')",1609,74,2,2.1452447110248816,0.00123386542790164,0.026823007888076664
"('striking', 'JJ')","('rather', 'RB')",3172,74,1,1.1644391229633324,0.00030598703893072553,0.013110934366275428
"('striking', 'JJ')","('however', 'RB')",12129,74,1,0.8382437052149809,7.316499552310156e-05,0.0119737847535944
