HeadWord,CollocateWord,R1,C1,O_11,MutualInfo,DeltaP1,DeltaP2
"('apparent', 'JJ')","('become', 'VB')",5566,662,110,6.454125910562301,0.01969271694983515,0.16547041547009902
"('apparent', 'JJ')","('be', 'VB')",285574,662,231,5.71060833207019,0.0007521209910034323,0.31271373739233127
"('apparent', 'JJ')","('seem', 'VB')",4073,662,11,3.5897547024743273,0.0026180213248019665,0.016100578286654937
"('apparent', 'JJ')","('make', 'VB')",11834,662,10,3.002359492144657,0.0007621233904192753,0.013604494136894772
"('apparent', 'JJ')","('remain', 'VB')",2472,662,2,1.5855325776608158,0.0007252446634868436,0.0027075420036417963
