HeadWord,CollocateWord,R1,C1,O_11,MutualInfo,DeltaP1,DeltaP2
"('independent', 'JJ')","('be', 'VB')",285574,930,198,5.362143004064115,0.0005969131402797054,0.1766689421933434
"('independent', 'JJ')","('become', 'VB')",5566,930,16,3.7946828439411653,0.002758476530677701,0.01649961576868119
"('independent', 'JJ')","('remain', 'VB')",2472,930,2,1.4379076185465807,0.0006912099526536205,0.0018369209303957304
"('independent', 'JJ')","('develop', 'VB')",3895,930,1,0.337358635962832,0.00013873955404600566,0.0005808463696633608
