HeadWord,CollocateWord,R1,C1,O_11,MutualInfo,DeltaP1,DeltaP2
"('stable', 'JJ')","('be', 'VB')",285574,665,190,5.454069539388838,0.0006027543219973991,0.24948020551160724
"('stable', 'JJ')","('remain', 'VB')",2472,665,18,4.446296450115386,0.0071993875103377476,0.026756094477723865
"('stable', 'JJ')","('become', 'VB')",5566,665,16,3.940344147191995,0.0027921434844663134,0.02335548877919699
"('stable', 'JJ')","('keep', 'VB')",1737,665,5,2.930637595783203,0.002794717192257084,0.007298891787876042
"('stable', 'JJ')","('maintain', 'VB')",1799,665,1,0.8184962378766943,0.0004715467695855228,0.0012754744343622462
"('stable', 'JJ')","('hold', 'VB')",2105,665,1,0.7502753010505586,0.00039073850644065196,0.0012366228220012884
"('stable', 'JJ')","('look', 'VB')",3154,665,1,0.5746657122293617,0.00023272559449250598,0.0011034354319142139
