HeadWord,CollocateWord,R1,C1,O_11,MutualInfo,DeltaP1,DeltaP2
"('successful', 'JJ')","('be', 'VB')",285574,1336,497,6.403893089893925,0.0016298319782710685,0.335807802523441
"('successful', 'JJ')","('prove', 'VB')",1673,1336,21,4.513704531625186,0.012385319524301311,0.015508797083090355
"('successful', 'JJ')","('make', 'VB')",11834,1336,16,3.3097709714126045,0.0011842033128695224,0.010475435240788256
"('successful', 'JJ')","('become', 'VB')",5566,1336,11,3.149177441862474,0.001807949816037176,0.007528176414821729
"('successful', 'JJ')","('remain', 'VB')",2472,1336,5,2.4744041349771018,0.0018536231242238183,0.0034292630289009625
"('successful', 'JJ')","('consider', 'VB')",4706,1336,3,1.5292544297048083,0.0004681514341649798,0.0016483367569567263
"('successful', 'JJ')","('appear', 'VB')",3067,1336,2,1.1869187993952817,0.0004826786471822989,0.0011078218779096095
"('successful', 'JJ')","('feel', 'VB')",2654,1336,1,0.3466416698574068,0.000207247254444188,0.0004116333548167555
