HeadWord,CollocateWord,R1,C1,O_11,MutualInfo,DeltaP1,DeltaP2
"('unclear', 'JJ')","('remain', 'VB')",2472,175,27,5.5543538238992385,0.0109035348090153,0.1539753015968053
"('unclear', 'JJ')","('be', 'VB')",285574,175,121,5.445948444096512,0.0004165945520508804,0.6551879852170649
