HeadWord,CollocateWord,R1,C1,O_11,MutualInfo,DeltaP1,DeltaP2
"('acute', 'JJ')","('particularly', 'RB')",1609,241,6,3.0281192377316537,0.0036991836395192717,0.024692749932438335
"('acute', 'JJ')","('relatively', 'RB')",1175,241,2,1.5973815144837564,0.001671780807755606,0.008149832023076002
"('acute', 'JJ')","('especially', 'RB')",1695,241,2,1.5082676863622029,0.0011495921472985337,0.008083813229302845
"('acute', 'JJ')","('increasingly', 'RB')",752,241,1,1.2273439314809502,0.0012993150446132032,0.0040540312200463
"('acute', 'JJ')","('very', 'RB')",5556,241,1,0.7409590694555462,0.00014949481381625637,0.003444119132957354
"('acute', 'JJ')","('as', 'RB')",6170,241,1,0.7154662303536545,0.00013158138832168972,0.00336616617261751
