HeadWord,CollocateWord,R1,C1,O_11,MutualInfo,DeltaP1,DeltaP2
"('selective', 'JJ')","('academically', 'RB')",14,193,2,2.728788470601859,0.14283289434518898,0.010361170799176882
"('selective', 'JJ')","('chemically', 'RB')",30,193,1,2.064855470366832,0.033308957816305766,0.005177665355351041
"('selective', 'JJ')","('highly', 'RB')",1242,193,3,2.0465231819821392,0.002391333619632703,0.015386739937292882
"('selective', 'JJ')","('financially', 'RB')",80,193,1,1.8263129802943545,0.012475624328240766,0.005171317433095822
"('selective', 'JJ')","('often', 'RB')",3439,193,1,0.9116413545495154,0.00026639613299569986,0.004744864015990228
"('selective', 'JJ')","('very', 'RB')",5556,193,1,0.7949765202531192,0.00015559297128338664,0.004476092987704267
