HeadWord,CollocateWord,R1,C1,O_11,MutualInfo,DeltaP1,DeltaP2
"('edition', 'NN')","('online', 'JJ')",453,535,2,11.607303046740334,0.004347339952518872,0.0036810570120178517
"('edition', 'NN')","('first', 'JJ')",4447,535,8,11.506716259455438,0.0017320223394175994,0.014389678019129973
"('edition', 'NN')","('late', 'JJ')",749,535,2,11.493494967595128,0.002602553341045087,0.003643475680493501
"('edition', 'NN')","('later', 'JJ')",403,535,1,11.328827157284916,0.0024135919609072215,0.0018181193674479531
"('edition', 'NN')","('practical', 'JJ')",861,535,1,11.156144577376839,0.0010936386260136464,0.0017599698747514914
"('edition', 'NN')","('last', 'JJ')",1390,535,1,11.016599261819461,0.0006516183463010129,0.0016928059410474994
"('edition', 'NN')","('new', 'JJ')",6147,535,3,10.953244779081531,0.0004204499607296873,0.004827410078468033
"('edition', 'NN')","('other', 'JJ')",11775,535,1,10.210771942732665,1.7030044357163062e-05,0.00037428523874890587
