HeadWord,CollocateWord,R1,C1,O_11,MutualInfo,DeltaP1,DeltaP2
"('likelihood', 'NN')","('maximum', 'JJ')",791,174,4,11.91856267364815,0.0050353054382487675,0.022888589691847847
"('likelihood', 'NN')","('real', 'JJ')",1704,174,6,11.805485658117533,0.0034997936493653,0.0342671837009145
"('likelihood', 'NN')","('little', 'JJ')",1751,174,3,11.493720516539124,0.001691592492689281,0.017019456483626943
"('likelihood', 'NN')","('reasonable', 'JJ')",598,174,1,11.413412695328246,0.001650275862275483,0.005671332427885398
"('likelihood', 'NN')","('dependent', 'JJ')",659,174,1,11.380384994257193,0.0014954855723359251,0.005663587981415266
"('likelihood', 'NN')","('strong', 'JJ')",2030,174,1,10.957818405484234,0.0004706419027819085,0.005489528373045577
"('likelihood', 'NN')","('high', 'JJ')",8237,174,3,10.853303617408107,0.00034247818264071246,0.01619600599501585
