HeadWord,CollocateWord,R1,C1,O_11,MutualInfo,DeltaP1,DeltaP2
"('apparent', 'JJ')","('become', 'VB')",5566,662,110,4.412733225404076,0.01969271694983515,0.16547041547009902
"('apparent', 'JJ')","('be', 'VB')",285574,662,231,3.3469963521780453,0.0007521209910034323,0.31271373739233127
"('apparent', 'JJ')","('seem', 'VB')",4073,662,11,2.5483620173161023,0.0026180213248019665,0.016100578286654937
"('apparent', 'JJ')","('make', 'VB')",11834,662,10,2.0023594921446572,0.0007621233904192753,0.013604494136894772
"('apparent', 'JJ')","('remain', 'VB')",2472,662,2,1.2845025819968345,0.0007252446634868436,0.0027075420036417963
