HeadWord,CollocateWord,R1,C1,O_11,MutualInfo,DeltaP1,DeltaP2
"('evident', 'JJ')","('be', 'VB')",285574,572,412,3.9130287851067016,0.0014216313665589757,0.6840742540493716
"('evident', 'JJ')","('become', 'VB')",5566,572,28,3.28772587841874,0.004961430040851563,0.0482479192493928
"('evident', 'JJ')","('seem', 'VB')",4073,572,12,2.6874010997415776,0.0028750995104754175,0.02046341792405066
"('evident', 'JJ')","('make', 'VB')",11834,572,7,1.7560175328198464,0.0005196782788512126,0.010736152454178399
"('evident', 'JJ')","('exceed', 'VB')",306,572,1,1.653231591250746,0.00319547954402909,0.0017095275591934012
"('evident', 'JJ')","('present', 'VB')",2044,572,1,0.828472126269651,0.00041672647852277834,0.0014888631638379677
"('evident', 'JJ')","('suggest', 'VB')",4887,572,1,0.44991067870415435,0.00013208801424715563,0.0011279029359924572
