HeadWord,CollocateWord,R1,C1,O_11,MutualInfo,DeltaP1,DeltaP2
"('plausible', 'JJ')","('seem', 'VB')",4073,149,16,3.5214883333389277,0.0039114145771457194,0.10686748280103765
"('plausible', 'JJ')","('be', 'VB')",285574,149,54,2.7322316330671192,0.00017657837390664782,0.3261671346293309
"('plausible', 'JJ')","('make', 'VB')",11834,149,3,1.604273722611408,0.00023494347646590318,0.01863219121452587
"('plausible', 'JJ')","('look', 'VB')",3154,149,1,1.2243010891201922,0.000298260788415717,0.006311111654690929
