HeadWord,CollocateWord,R1,C1,O_11,MutualInfo,DeltaP1,DeltaP2
"('unclear', 'JJ')","('remain', 'VB')",2472,175,27,4.122990059740252,0.0109035348090153,0.1539753015968053
"('unclear', 'JJ')","('be', 'VB')",285574,175,121,3.363163073780062,0.0004165945520508804,0.6551879852170649
